,delayType
15585,3
14434,2
691,2
837,3
1030,2
8083,3
3934,2
14924,2
1697,2
11363,1
12038,2
8056,2
12251,3
16922,2
13428,2
13166,2
16516,2
13120,2
16793,2
9155,2
16154,2
16315,3
14366,2
3870,3
8771,2
12783,2
15462,2
9716,2
4131,2
7015,2
10809,2
16467,1
18985,2
10599,2
2275,3
3629,2
8817,2
2319,2
15157,2
17758,2
9461,2
14313,1
5853,1
18531,2
16915,2
6092,2
14540,1
12238,1
16223,2
4049,3
15536,2
17057,3
15439,3
12283,2
163,2
3713,2
13888,2
2950,2
14020,3
5642,2
12390,2
444,2
1328,2
11773,3
18063,2
736,2
13745,2
15203,2
13011,1
3417,3
13652,2
18179,3
5059,2
12896,3
10767,2
1907,3
10600,2
7617,1
2496,2
11372,2
344,3
14722,3
3978,3
8057,2
4754,3
8258,2
16903,3
132,3
12408,2
12203,2
4689,1
531,2
14323,2
10132,2
11243,2
2470,3
3130,2
9763,3
17153,2
8222,2
1580,2
17745,2
1266,2
2413,2
7781,1
16863,3
7388,2
9615,3
15383,2
10582,2
14188,2
16674,2
14873,2
16196,1
17831,2
5966,2
3862,2
12665,2
11532,2
8829,2
6553,2
3909,3
15701,2
10693,2
5795,3
7373,1
8880,2
11043,2
4977,2
13721,2
10496,2
8983,3
14669,2
60,1
6207,1
12010,1
12050,2
7447,2
14783,2
6034,2
18769,1
12779,1
10797,2
12809,1
10472,2
2795,2
8472,2
5234,2
9312,2
448,3
5499,2
9661,2
12703,2
610,2
10172,2
17606,3
536,3
12145,3
17369,2
4377,2
5926,1
14647,3
206,2
4262,2
9141,1
8285,2
6152,2
2202,3
6805,2
6102,3
10170,2
4096,3
9538,2
11730,2
7948,2
338,2
8885,3
18597,2
5019,2
1498,2
6060,2
12788,2
602,3
699,1
9080,2
2444,2
103,2
2722,1
242,2
16166,2
2085,2
4805,2
4308,2
2036,3
12570,2
4817,2
17043,2
17181,2
2415,2
9067,2
293,3
7045,2
16652,2
6945,3
10003,2
8436,2
4787,2
15572,3
8041,1
6244,2
4080,2
18440,1
13600,3
2658,3
14215,2
6084,2
2832,2
79,2
4149,2
1216,2
6226,2
18781,2
3630,2
1794,2
18917,2
1100,2
10938,2
14077,2
2762,2
18752,3
12873,2
10971,1
10343,2
8616,3
17007,2
17073,3
4414,3
10007,2
3905,1
4207,2
8624,2
7778,1
10326,2
6085,2
4089,2
5126,2
2946,2
8364,2
11436,1
11160,2
12432,1
4315,2
9415,2
8432,2
17838,2
15211,2
42,2
514,3
17902,3
8155,2
8210,2
2624,2
1804,2
18166,3
8729,1
14110,2
15097,1
10667,2
703,1
15957,2
9132,1
12664,2
12153,2
17275,2
18128,2
5864,2
7994,2
6036,2
1785,2
3061,2
1976,3
9023,2
13502,3
18825,2
14131,2
15067,2
11769,2
16995,2
4432,2
9545,2
637,3
4454,2
15894,3
15911,3
2014,2
10569,2
10134,1
2975,2
10220,1
2363,2
4986,2
9592,2
12307,1
7263,1
17670,2
12931,3
11621,1
17009,2
16459,2
4103,2
4275,3
1700,2
6682,2
5604,3
1938,3
1843,2
15741,1
10850,2
4882,3
11126,2
8796,2
9776,2
13735,2
18388,2
1249,2
12654,3
16512,2
12528,2
6784,3
975,1
12660,1
17876,1
13585,2
5599,2
17532,2
4323,2
6252,3
14758,2
6869,1
18851,1
10050,2
5082,2
7864,2
6306,2
126,2
194,3
12188,2
2034,1
1649,2
1715,2
345,3
7521,2
11414,2
3316,2
2105,2
15632,2
3135,2
10545,2
18881,2
11892,2
8613,1
16355,2
7443,2
11688,2
12536,2
17575,2
7222,2
4411,2
11347,2
2949,2
12995,3
3752,2
9613,2
12076,2
15228,3
2803,2
6769,2
17200,1
2976,2
4215,2
1974,2
2145,2
2811,2
8558,2
14368,2
5964,2
16052,2
11454,3
2250,2
13278,2
11868,2
14752,2
3604,1
9658,1
3901,2
5428,2
1792,2
1902,2
11949,2
4364,2
605,2
15530,2
17723,2
12554,3
15345,2
17067,2
6880,2
8164,2
15662,3
15154,2
13682,2
3904,2
8393,1
1114,2
144,2
9262,3
15725,2
11266,2
1441,2
17311,3
4887,2
15593,2
12772,3
17281,2
12718,2
18038,2
17706,3
17938,2
2746,2
7619,1
294,3
8383,2
12580,2
3038,2
14605,2
8439,2
13750,2
12235,2
10025,3
5768,2
12694,2
1831,2
6025,2
1375,2
3252,3
13313,2
5445,2
16916,2
8723,2
14870,2
2215,3
8929,1
1728,3
14284,2
3271,2
14072,2
2688,2
1891,2
8247,2
8964,2
8514,2
7541,1
17718,2
7007,1
14133,2
8671,3
12638,2
7546,2
14485,2
18449,2
5152,1
181,2
17494,1
8930,2
12449,2
14137,2
10647,3
1457,2
13993,3
704,2
6361,1
9960,2
13809,2
10848,2
8423,2
12785,2
9528,1
53,2
7652,2
10470,2
10660,3
8787,2
450,2
16631,3
1574,2
10964,2
6967,2
7325,1
4521,2
15597,3
14512,2
16815,2
7591,2
857,2
10801,2
8815,1
8750,1
2092,2
10994,2
1037,2
5641,2
7303,2
15404,3
4443,2
17028,2
13454,3
14777,2
16694,3
4263,2
17934,2
16129,3
7270,1
4347,2
11663,1
2557,2
14023,2
11255,2
17832,1
7865,3
2446,2
14087,2
3831,2
4594,3
4947,3
5590,2
13276,2
18650,3
11012,2
1098,2
7369,2
13958,3
5600,2
5688,2
19034,3
12531,2
12642,2
365,2
13963,3
18028,2
11107,2
14012,2
8893,2
15093,2
9432,2
4070,2
14193,2
7281,2
10258,2
247,2
9427,2
7069,2
7649,2
6071,2
14407,1
13336,3
2180,3
18689,3
14159,2
1530,3
12250,1
11634,2
7651,1
14764,2
13759,3
15634,2
7268,2
10916,2
6619,3
13149,2
7867,3
12325,2
16529,2
283,2
12173,2
17014,2
8803,2
1028,2
10786,2
10499,2
5504,2
12994,1
6388,3
2994,2
1811,2
3120,2
7926,2
9783,3
4482,2
16811,2
1533,3
15059,2
2764,2
3785,2
9309,1
11569,2
8097,2
10579,1
7850,2
2667,2
14499,2
13690,2
10412,2
2054,2
5412,2
16364,2
7646,2
1781,3
16133,2
18996,2
3567,2
13264,3
154,3
4691,2
8979,1
2826,3
8021,2
15668,3
1442,2
16127,2
14822,2
18569,3
3019,2
6232,1
1356,3
18550,2
17654,2
13356,2
17195,2
11182,3
14576,3
16409,2
12555,2
14257,3
11109,2
12466,2
13177,3
5847,2
12029,2
9996,3
5639,2
14951,3
985,2
3270,2
18476,3
17310,2
12246,2
17097,1
1594,2
17825,3
6342,2
18870,3
3062,2
14086,2
16796,1
16655,2
4933,2
9463,1
15833,3
6687,3
11934,2
18778,2
15163,3
17537,2
2232,1
16733,2
13578,2
8437,2
8801,2
2198,2
7888,3
4055,2
16109,3
5005,2
17165,2
7982,2
11846,2
1080,1
17145,1
12138,3
9589,2
13417,2
10781,1
11601,1
15144,2
6491,2
18477,2
12152,2
14108,2
6911,2
13785,3
19102,2
6963,1
18294,2
11857,2
5994,2
7266,2
11189,2
1569,2
10454,2
3221,2
18481,2
18875,1
11908,2
7346,2
4078,2
5211,2
17502,2
16641,2
7183,3
5673,2
14522,2
692,3
1477,2
5664,3
19044,1
8287,2
4746,2
7104,2
9546,2
12993,2
2221,3
1653,2
7008,2
13997,2
6793,2
8501,2
7344,2
8458,1
14125,2
14872,2
18475,2
872,2
17347,2
16309,2
14871,3
18156,1
17948,2
16880,2
3200,2
2050,3
2707,2
12114,2
6496,2
2671,2
11541,2
2606,2
13244,2
2453,2
6774,2
15272,2
2,3
15952,2
11277,1
7680,2
13167,1
7156,2
14351,2
12974,3
1215,2
3339,2
12404,2
6289,2
17329,3
3304,3
2242,3
10952,2
7300,2
16835,2
4752,3
6508,2
10307,2
15912,1
1758,2
12001,2
10763,1
17544,2
18021,2
3324,2
12870,2
6105,3
2689,2
2520,2
13642,3
10912,1
2603,1
6713,2
18801,1
4846,2
6093,2
9887,3
10010,3
15278,2
3527,2
8512,2
9782,2
4778,2
2575,2
12626,1
6596,2
4006,2
18924,2
16769,2
1002,3
9866,2
17660,3
6623,2
10853,2
12185,3
2495,3
14930,2
11818,2
7896,2
1223,2
304,2
1863,1
7618,2
1279,2
1362,3
4989,2
14565,2
13031,2
2768,2
4322,2
15508,2
7696,2
14805,2
6148,2
19017,2
7163,3
1920,2
14370,3
4730,2
11112,1
14514,2
15925,2
10550,3
4820,3
13767,2
9075,1
763,2
18573,1
17511,2
3545,2
16672,2
13945,2
6684,2
14703,2
576,2
2291,2
12935,3
2485,1
1402,2
18012,2
5532,2
9380,2
1875,1
14524,1
5070,3
8000,2
1497,2
14358,3
9585,2
9923,2
4695,2
2492,2
17375,2
14411,1
3275,2
18386,2
17717,2
1438,2
5789,2
3466,2
10202,2
18936,2
2798,2
17937,2
2777,3
13141,2
1059,1
2683,2
10945,2
15690,2
8110,2
17280,2
10974,2
4383,1
12367,1
2440,2
11482,2
7667,2
13503,2
11281,2
149,2
12655,1
18402,1
14586,2
7165,1
17851,2
15320,2
13587,2
11129,2
4575,2
2995,2
5842,2
5915,2
13258,2
4223,2
1299,3
8896,2
6664,3
9069,2
7248,2
7586,2
11361,2
5936,2
9718,2
2831,2
15579,3
9871,2
18058,2
6577,2
4607,3
6863,2
10026,1
17550,2
14166,2
15931,3
7153,2
3699,3
17305,3
6600,2
15365,2
18162,2
4896,2
1635,3
13861,2
4899,3
15077,2
11233,3
12514,1
11863,2
9119,2
6640,2
18036,2
1977,3
4420,1
5629,2
16736,3
18614,3
18083,3
18411,1
5147,2
2234,2
19107,2
11378,2
2006,2
3771,3
1698,3
9233,2
14640,1
5456,2
15887,2
2999,2
8659,2
754,2
18060,2
5571,2
9646,2
10214,2
3983,3
5434,2
1796,2
1112,2
18839,2
17435,3
13403,1
15732,2
7470,2
1663,2
9336,2
113,2
11433,1
13692,1
11535,2
14287,2
12407,3
11770,3
15823,1
3429,1
4018,3
11859,2
6529,2
8859,2
8800,2
5940,2
7091,2
5316,2
4651,2
9734,3
12653,3
5954,1
6591,2
127,2
9880,2
11,2
3364,2
10960,3
13710,2
717,2
2779,3
12883,3
15344,1
17149,2
3026,3
7545,2
7195,2
2388,1
11101,3
912,2
15164,3
9927,2
5105,2
16208,2
12758,1
10843,2
14999,3
12256,1
12151,1
6561,2
6194,2
12024,2
12762,3
9662,2
10689,2
3368,2
12419,2
15968,3
13701,2
8928,1
1348,3
3128,2
16253,1
160,3
16372,2
11880,2
16395,3
16249,2
5933,2
18334,3
14502,2
14467,3
13864,2
13802,3
5625,3
9306,2
9016,2
16036,2
1687,2
14259,2
16191,2
8881,1
15678,2
3024,2
10429,2
3894,2
2153,2
8887,2
15730,3
15347,3
10554,2
4191,2
7497,1
9884,2
13758,3
3980,2
9297,2
7112,2
1459,2
6853,1
17166,3
15263,2
3823,2
13552,3
4268,2
3331,2
14425,2
17346,2
4510,2
13136,2
13259,3
17663,2
4409,2
17265,2
16590,2
7622,2
4217,2
15125,2
10909,2
18025,2
2613,2
17788,1
17245,2
18674,2
11656,2
12598,2
1484,2
12379,2
8874,2
16576,3
8278,3
10081,1
6256,1
1909,2
13014,2
440,2
11699,2
12315,1
1741,2
1358,2
5116,2
15348,2
16994,1
14361,2
9917,2
7761,2
14409,2
17025,2
18265,2
7945,2
9385,1
14486,2
10319,2
17228,3
14398,2
15581,2
849,2
16402,2
1010,2
15429,2
11492,2
86,2
18381,3
14438,2
12793,3
15409,3
5360,2
13225,3
12712,1
18367,3
17892,1
2220,2
11779,2
17897,1
15476,2
10708,2
1622,2
9626,2
8576,3
18902,1
11193,2
9210,2
18828,2
13632,2
10997,2
12593,2
1564,2
12463,1
4890,2
1726,2
17330,2
13756,2
13937,1
7302,2
17441,3
16220,2
18581,1
11581,2
4852,2
3325,2
5797,2
11714,2
8595,2
16258,2
14988,2
17222,2
16181,2
4813,2
7917,2
326,2
5982,3
5793,3
378,3
18163,2
6926,2
2907,2
7700,2
14002,2
13327,2
607,2
9684,2
13557,2
4200,2
7976,1
10420,3
14121,2
7506,2
8717,3
17546,2
14706,2
11896,1
14026,2
3416,2
10099,2
6245,3
16931,2
7683,2
11345,2
18716,2
7182,1
4290,2
6225,2
4192,2
720,3
10605,2
4074,2
13709,2
18257,2
16126,2
2417,2
12416,2
4863,2
894,2
15182,2
11874,1
6680,3
13214,3
7841,3
12005,2
5911,2
12806,1
16289,2
17219,1
10417,3
10033,2
567,2
9136,2
12108,2
15569,2
18287,2
9236,2
8106,2
16494,3
8730,2
5618,3
3755,2
4598,2
5192,3
4449,2
11357,2
9827,3
11020,2
18590,1
10784,3
5995,2
10335,3
13442,2
14946,2
16530,2
3914,1
14592,2
13686,2
9998,2
10240,2
3234,3
15640,2
4404,3
2256,2
3733,3
8370,1
15291,2
8609,1
2539,2
5451,2
16618,2
17142,2
8153,3
16699,3
17738,2
1095,2
6150,2
17566,3
1124,2
5693,2
7707,2
15171,2
12992,2
16876,1
8623,2
14203,2
1630,2
12490,2
14927,2
16251,2
5216,2
8388,3
4256,2
8861,2
18340,3
18681,2
8135,2
17911,2
5232,3
10206,2
204,2
18800,1
13660,1
3445,3
5063,2
4681,2
8540,2
12973,2
14001,2
6802,2
5006,2
15187,3
3795,3
7364,2
2345,2
18853,2
11426,3
17426,2
3757,2
4698,2
2553,2
17339,2
19041,2
3171,2
1395,3
11921,2
1737,3
9595,2
17325,2
8454,2
3052,2
16396,2
4320,2
5743,2
6464,2
4378,3
14041,2
1240,2
2763,2
9439,2
91,3
3751,2
14010,2
13592,3
16149,2
6471,3
14213,2
10244,3
1035,2
6819,2
778,3
17040,2
12364,1
1521,3
6319,2
5637,3
11006,3
16164,2
12597,1
1849,1
10424,2
6761,2
1195,2
14958,3
1670,3
5798,2
1099,3
15375,2
11661,2
14270,3
1263,2
10342,2
9028,2
15146,2
6541,2
16520,2
7267,2
13707,2
1434,2
603,3
3833,2
2414,2
8476,2
2848,1
13874,1
12014,2
12552,3
4664,2
12920,2
2735,3
18240,2
11514,2
2340,2
4455,2
9805,2
11035,2
924,1
3502,2
13630,2
4458,3
14447,3
2312,2
9504,3
12208,2
3035,2
14523,1
4242,2
17140,2
13934,2
8906,2
568,2
1759,3
14587,3
3821,2
13960,2
1679,2
3900,2
4101,1
3618,2
11995,2
17146,3
17605,2
3048,2
7189,2
14507,2
17773,2
13175,1
17417,2
5375,2
3397,3
346,3
8506,2
14811,2
17817,2
13558,2
13601,1
5665,3
5855,2
13469,2
11086,3
10920,2
10793,2
16781,2
12140,3
17376,2
14147,3
8652,2
11556,2
12651,2
6537,2
14005,2
8185,2
9149,2
12685,3
18764,2
5047,2
4789,2
301,2
331,3
13168,2
18941,2
4795,2
16803,2
8314,3
1777,2
9829,2
3219,2
11835,2
12951,2
15920,2
5309,2
236,3
12266,2
10975,2
4261,2
10681,2
2796,3
17656,3
14207,2
4711,2
950,2
10516,2
1409,2
16940,1
6112,1
5820,2
4798,3
13769,1
532,2
8487,2
7641,2
14322,2
7530,2
452,3
17488,2
14127,2
13575,2
15997,1
18736,2
8318,2
16773,3
3599,2
10835,2
14175,2
3166,2
8949,2
2605,3
1318,2
8530,2
8385,2
18451,2
7868,2
12286,3
257,2
15575,2
2588,2
6041,2
10559,2
1455,2
6504,2
3392,2
823,1
1055,2
6048,2
11044,2
11534,2
13559,2
6294,2
1522,3
6820,2
11451,3
15148,2
3450,2
3460,2
3578,2
6779,2
8870,2
3359,3
8667,2
11561,2
3180,3
9689,2
11159,2
18218,2
8931,3
11167,2
15621,3
5303,2
10828,2
10360,2
9261,1
2000,2
14545,2
15276,2
16664,2
14138,3
12079,3
162,2
7972,2
13667,2
7081,2
6101,2
4085,2
5433,2
12587,3
11042,2
2349,2
18850,2
752,2
9062,2
617,1
16210,2
14376,2
6731,2
15627,3
11220,1
14184,2
11073,1
4781,3
8330,2
7006,1
307,3
13453,3
14348,2
5134,2
12534,2
10792,2
17865,3
3995,2
17845,2
3182,2
8130,1
14668,2
7578,2
17500,2
3138,2
9037,1
9050,2
11049,2
15300,2
12843,2
6329,2
10673,3
5519,3
7510,3
1916,2
1210,2
1058,3
6077,2
5514,2
8352,3
10318,2
10552,2
251,1
3486,2
9575,1
13223,3
3105,2
7301,1
3255,1
16799,2
13671,2
13743,2
2148,2
10005,2
17624,2
1383,2
3784,2
12914,3
6335,2
18675,2
12900,2
1144,1
1861,2
897,2
3433,2
11981,3
5163,2
4481,2
11077,1
19061,3
5195,3
2258,2
17961,2
16100,2
16942,1
16510,2
9015,2
6293,2
3470,2
2088,2
2112,2
10859,2
16283,2
7609,1
12423,1
15162,3
11902,3
13890,2
2754,2
14038,3
6054,3
3096,2
5328,2
16300,2
2224,2
6213,2
14699,2
6473,2
6012,2
3544,2
2730,2
4958,2
14341,3
8053,2
4672,3
17796,3
11766,3
6699,3
13324,1
286,2
16525,3
5860,2
883,1
11394,2
17812,2
8588,2
125,2
16508,2
15099,1
4311,2
3487,3
12828,3
14651,2
18826,2
4802,2
1347,2
16668,3
8299,2
5657,2
2648,2
17182,2
14538,1
13669,3
9422,2
9806,2
18118,3
12353,2
6110,2
9117,1
3455,1
18007,2
1646,3
1568,3
644,3
15275,1
1870,2
17769,2
12908,2
10866,2
13525,2
15326,2
13262,2
11459,2
4251,2
2219,2
3551,2
6404,2
3571,2
11590,2
10261,2
14899,2
6230,2
10699,1
14157,2
14525,2
5610,2
5549,2
528,2
6818,2
15633,2
16507,3
18672,2
13545,3
1435,2
14746,2
8283,3
8632,3
18134,2
18682,2
15224,2
7916,1
7762,3
11899,3
15110,2
3926,2
8675,2
10898,1
6746,2
9687,2
12967,2
13641,3
13134,2
1993,2
15720,2
12571,2
9263,2
9652,3
4702,2
9892,2
8440,3
6838,2
14973,2
1791,2
15549,2
6005,1
13722,2
5755,1
18205,2
7395,2
13243,3
12242,2
9852,2
3483,2
18618,3
18253,1
8863,1
14099,2
6927,2
11775,2
16150,2
10924,2
976,2
14595,3
15594,2
16938,1
17557,2
14679,1
18637,2
8637,2
755,2
4558,2
12989,2
11686,2
17307,1
5336,2
14634,2
18277,2
16238,1
1464,2
13899,2
14689,2
2435,2
18082,1
13857,3
1884,2
10012,3
6951,2
5160,2
3246,3
18048,2
6801,2
10254,2
13289,2
8883,1
14139,2
3262,3
3111,2
4806,3
14326,2
5353,1
5065,2
15299,2
18444,2
16327,2
16033,2
15338,3
3015,3
17220,2
11208,2
6729,2
1548,2
3356,2
18396,3
5574,2
6981,3
3796,2
593,3
3817,3
13542,1
5334,3
15181,2
14883,2
4203,2
1839,2
1355,3
3605,1
10311,2
2503,2
5921,2
4107,2
17522,2
13409,1
17513,2
13634,1
7520,2
9719,3
2287,2
12034,2
16611,2
10504,2
15591,2
1483,2
4665,2
4340,2
7311,2
10308,2
445,2
11027,2
734,3
8484,3
15950,2
8825,2
3365,2
10301,2
14840,2
3515,2
9971,2
4104,2
18588,2
764,2
11718,3
18553,2
13384,2
5987,2
7974,3
11757,2
18797,2
11746,2
2649,2
10322,3
15813,3
15223,2
7995,2
18949,1
3982,3
8603,2
12773,1
6917,2
1045,2
6431,2
6172,3
14443,2
99,2
13824,2
13026,2
13797,2
12496,2
12233,3
15019,1
3223,2
8778,2
1924,2
9741,2
16867,2
926,3
3473,3
8693,2
13375,3
1627,2
9607,2
1346,1
10678,1
13477,2
12355,3
5754,2
7697,2
3291,3
9085,2
5840,2
16187,2
5892,3
4751,1
10737,2
14852,2
6965,2
10036,2
14378,2
8842,2
1276,2
3193,2
10256,1
3022,2
2514,2
17576,2
5411,2
5690,3
9599,3
13853,3
17402,3
16169,1
367,2
12833,2
16517,2
10447,3
17579,2
17744,2
12863,2
5191,2
13859,1
597,1
4776,2
9989,3
9872,2
18729,2
1867,3
6978,3
9777,2
7569,2
12198,2
7216,2
13548,2
14721,3
2316,2
17594,3
10943,2
14433,2
15869,3
17906,2
1203,2
2368,2
862,2
3242,3
11019,2
16891,2
12726,1
10386,2
5003,2
2114,3
9325,3
11349,2
5611,3
8954,1
581,2
8528,2
7203,2
3092,2
1185,2
13424,2
11443,1
7016,2
3341,2
2869,2
5094,3
12991,1
8025,2
7846,2
3686,2
12143,3
3309,2
7209,2
2790,2
18096,2
11815,1
7523,2
10965,2
13230,2
18976,2
12871,2
14170,2
17560,2
14129,3
12425,2
6177,1
9377,2
11355,2
8738,3
15238,2
15060,3
15802,3
5562,2
18998,1
15943,2
10385,1
4022,2
14602,2
15658,2
1155,2
15215,2
502,3
7146,2
16348,2
12149,2
3525,2
14450,2
13628,2
1808,2
9657,3
3530,2
11232,3
13437,1
8731,2
1094,2
15356,2
16924,2
3427,2
15509,2
15165,2
11997,3
16082,1
3277,2
18135,2
13610,2
7278,3
8465,1
19096,2
8661,2
7856,1
18768,2
16960,2
14298,3
16474,2
8137,1
11973,2
2404,2
6773,2
17274,2
13283,2
13101,2
4307,3
8428,2
6622,2
11950,1
6509,1
12077,2
11318,2
7067,1
3548,2
13265,3
5932,2
733,2
7246,2
3293,2
5464,2
15282,2
14655,2
5459,2
9185,2
11692,2
14064,3
5922,3
11515,3
12375,2
11428,2
9479,2
12716,2
15057,2
4190,2
9235,2
15903,2
784,1
8939,2
3151,3
11909,3
5025,2
15738,2
11094,3
2931,2
5990,2
595,2
18332,2
16801,3
17743,3
12467,2
3497,2
12979,1
9394,3
12882,2
10624,2
10283,2
1549,3
7964,1
16543,3
13127,2
11102,1
1729,2
13491,2
2642,2
17882,2
18873,2
9437,1
16537,2
2341,2
1914,2
8543,3
7793,1
1372,3
13463,2
15024,1
16948,3
6445,2
8690,2
4509,1
3002,3
15844,2
17081,2
6439,2
8147,1
8127,2
18325,2
8860,2
9751,1
9669,2
15791,3
359,3
7519,2
7003,2
1984,2
15870,2
13774,2
1807,1
239,3
10601,2
3178,2
11526,2
9978,1
5408,2
4868,3
3656,2
17112,2
11383,2
9537,2
17645,2
9840,1
17725,2
8347,2
12845,2
9035,2
6098,3
5415,2
4048,2
7756,2
5190,3
8994,2
18080,3
9311,3
12422,2
8525,3
11150,2
2249,3
6016,3
14575,2
393,1
13604,2
5109,2
7792,2
14950,2
3637,2
10857,3
9216,3
7835,3
5815,2
3372,3
842,2
5733,2
17031,2
10932,3
14691,3
6143,2
11321,3
2866,2
6902,2
12769,2
17806,2
17256,2
11390,2
3088,2
9653,3
17783,3
44,3
1188,3
5834,2
15998,2
7332,2
8060,2
689,2
2693,3
10411,2
13765,2
18026,2
12776,2
8550,2
7432,1
9484,2
10107,2
13706,2
7338,2
9995,2
6670,2
16490,3
18610,3
13133,2
2721,2
12089,3
2451,2
5477,2
12457,3
5051,2
16319,2
17469,2
12507,2
2885,2
18661,2
1773,3
11549,2
1879,2
13049,2
10620,2
885,1
8212,2
2357,3
3042,2
624,3
12040,2
1511,2
11791,2
16605,2
14079,2
12065,2
17464,2
12069,2
13884,2
1705,3
17874,2
14701,3
11439,2
13572,2
1248,2
5203,3
3496,2
8320,3
12720,1
3518,2
17674,2
12376,2
17908,2
9791,2
7508,2
7117,2
7968,2
9105,2
18198,2
10502,2
17179,2
9885,2
12032,3
17870,2
14834,1
17433,2
17378,2
12388,2
16317,2
14052,2
19058,3
11008,1
12444,3
6070,2
10313,2
8144,2
17542,2
1941,2
5417,2
3192,2
14095,2
7232,2
4971,3
16044,1
16834,2
15324,2
13162,2
5050,2
11079,1
16944,2
5535,2
6854,2
14537,2
16575,2
6493,2
9338,3
13602,2
8132,2
11434,3
998,2
2244,2
12619,1
11639,2
10196,3
3815,3
15696,2
9498,2
7997,2
13285,2
339,3
7027,2
688,1
13115,3
16288,3
9532,2
9094,2
2216,2
14564,2
511,2
7052,2
14272,3
10437,2
4334,3
10979,3
11660,3
6767,2
18246,2
7922,2
2786,2
2546,3
16830,3
1889,1
104,2
13074,1
13299,2
19098,2
2921,3
5931,2
8920,1
14495,3
4072,2
6393,2
7004,2
2480,2
18338,2
15232,2
10362,2
7317,2
10468,2
14715,1
11113,2
9814,2
17380,2
18255,2
4725,1
10018,2
2971,2
3264,1
15855,2
14484,3
13938,1
16972,2
8620,2
11938,2
6499,3
1816,2
2576,1
17175,2
12383,2
5885,2
728,2
7644,2
13483,2
11177,3
14058,2
5945,3
13206,2
7949,2
13310,2
14829,2
7243,2
5390,2
17259,2
3994,2
11030,3
7568,2
18751,3
17688,2
17035,2
4962,2
9288,1
625,2
7989,1
16024,2
13720,2
16434,1
5077,2
16919,1
14117,2
10832,2
2027,2
690,1
17269,3
15212,2
16850,2
14118,2
2431,2
6494,3
6288,2
6055,2
4897,3
12731,2
10247,1
2018,2
3979,2
3542,2
3116,2
5130,1
18987,3
59,2
17352,2
13129,2
11265,2
363,2
1047,2
6719,3
18529,3
11608,1
17762,2
4031,3
5788,2
2047,2
18646,1
2523,2
6229,2
16610,3
10032,2
16917,3
10222,2
4452,3
16423,2
8903,2
11919,2
1412,2
18742,2
16252,2
1958,3
17164,2
11701,2
608,2
3526,2
3863,3
16843,2
11531,1
3652,2
8309,2
5359,2
5724,2
7148,3
5233,2
14670,2
4999,2
15004,1
11417,2
10738,2
5944,2
1189,3
6433,2
3546,2
9647,2
9266,2
756,2
6688,3
9623,1
2904,3
13029,3
1401,2
17790,2
14604,2
725,2
12569,2
13227,2
11257,2
16722,2
10690,2
5920,2
7234,2
9363,1
499,2
13713,3
17066,2
17759,3
9724,2
16889,2
18662,3
10147,2
13796,1
10404,2
7135,1
8211,1
16302,2
16062,1
2881,3
18561,2
2046,2
15788,3
15664,3
12267,3
2772,2
2555,2
11072,2
5736,3
3408,2
4865,2
11097,2
4037,2
10481,2
3943,2
17388,1
14357,2
4579,2
18448,3
16706,2
1339,3
16197,3
16115,2
9710,1
3201,2
15243,2
12072,3
18856,2
11143,2
13046,3
2828,2
18045,3
852,2
7979,1
15149,1
6556,2
12339,2
1585,2
2653,2
11263,2
311,3
9747,1
18172,2
9349,3
13224,2
16160,1
1019,3
15617,2
9690,2
5652,2
5177,2
6227,2
13885,2
11866,2
15408,2
15198,2
6300,2
18935,1
14220,2
16900,2
14705,2
14179,2
4205,2
3243,2
655,2
13815,2
1008,3
8561,2
7194,2
2846,3
16701,2
1851,2
7477,2
12713,2
15380,2
14853,2
6758,2
2720,3
661,3
11408,3
11033,2
3082,2
3622,2
14253,2
15919,3
2990,2
6618,2
17885,2
11212,2
12105,2
1077,1
348,3
18579,3
15737,2
13517,2
8093,2
13792,2
209,3
9073,2
15126,2
11180,3
12438,2
16581,2
2168,2
13411,3
7826,2
5886,2
94,2
4771,2
12297,2
5204,2
14056,2
15845,2
11460,2
15029,1
1319,3
17168,2
14994,1
18175,2
6565,3
13047,3
13499,1
822,2
6875,2
3232,2
4959,2
14536,3
10002,2
481,3
1353,2
17271,3
15596,2
15382,3
9649,2
13413,2
14667,2
14454,2
9163,2
6542,2
219,3
7542,1
9256,3
12922,3
3511,2
2815,2
1901,2
11841,3
14221,2
13467,2
8004,1
9584,2
12561,2
16967,3
1986,2
6460,3
3300,2
2140,2
6548,3
18375,1
8839,2
9580,2
1640,3
1712,2
12322,1
205,2
14710,1
4568,2
4111,2
17551,2
4586,1
4834,2
14859,3
14310,2
15290,2
15402,2
19050,1
4843,2
11500,2
10390,3
13122,3
46,2
3779,3
11494,2
12282,2
7815,3
19085,2
15939,2
4255,2
3421,3
8095,2
1954,2
5520,2
18823,2
334,2
9146,2
4304,2
9100,3
1655,2
2033,2
17100,3
15301,2
196,3
13303,2
16107,2
5753,2
4225,3
11308,1
11333,2
3510,2
2298,2
16357,2
9357,2
14732,1
10078,2
15313,2
7256,3
17423,2
9904,2
16934,2
7345,2
13627,2
14469,3
5468,2
1582,2
4884,2
4336,3
16696,2
10451,2
4183,2
6165,2
17971,3
6609,2
14611,2
13397,2
10836,2
13376,2
14965,2
10611,2
3690,2
17867,3
11476,1
859,1
12940,2
993,2
10138,1
5083,2
2159,2
18389,2
10589,3
13689,2
7900,1
13165,2
16369,2
16629,2
15896,3
13764,2
1528,2
533,2
8325,2
10490,2
3647,2
1642,2
6676,3
11398,2
501,2
18210,2
12129,2
11489,3
3871,3
18270,2
17264,2
14907,2
10770,2
11563,2
3798,2
18405,3
17254,1
7834,2
18715,1
1638,3
2696,3
3688,2
11830,2
12844,2
9140,2
4328,2
13619,3
14260,2
12323,2
9703,3
12009,2
14513,2
14285,2
4212,2
10477,3
13091,2
18811,1
11342,2
7873,3
16370,2
2611,2
14960,2
18586,2
6994,2
4298,2
4979,2
11872,2
8220,2
8953,2
10887,2
18077,2
18759,2
7025,2
9530,3
2356,2
10666,3
343,2
8438,1
5168,3
3152,3
3149,2
9362,2
11213,1
8005,2
4588,3
5458,2
16229,2
847,2
6551,2
8158,2
3758,1
4446,2
18356,2
3504,3
2972,2
1882,2
2045,3
14547,2
1764,3
2529,2
5503,2
11625,2
9107,3
10189,2
4241,2
12774,1
12258,2
10433,3
3274,2
6616,3
9356,1
8126,2
8508,1
15401,2
13700,1
18272,2
14889,1
13126,3
8266,2
5640,2
7837,2
7831,2
12869,1
3380,2
489,2
11926,2
7767,3
13916,1
14126,2
8522,2
12647,2
2418,2
15201,2
5343,2
2497,2
3370,2
3947,3
4634,2
6215,1
8824,1
15403,2
14544,2
16157,2
11794,3
14535,3
7754,2
12563,1
12476,3
8763,3
18564,2
7745,2
15576,2
13107,2
6480,2
4501,2
3989,3
6751,2
463,3
17048,3
17282,2
11089,2
1681,1
18397,3
18714,1
2695,2
933,3
4875,2
3645,3
18830,2
12797,1
1304,2
8103,2
1181,2
7814,3
16816,3
13140,2
3122,2
5439,1
5715,2
10201,2
15459,2
12200,2
4117,2
2225,2
10257,2
15186,3
19089,2
575,1
5079,2
14756,3
16259,2
17005,1
14789,2
3238,2
3273,2
4339,2
434,1
11836,2
17001,2
5897,2
6315,2
16393,2
13008,2
1110,2
2144,2
17748,2
9027,2
10863,3
10432,3
9133,2
13886,3
4249,2
8078,2
3794,3
15763,1
13665,3
2163,2
5028,2
620,3
13038,2
16515,2
8184,2
5817,3
9134,2
4023,2
9627,2
17584,2
3780,3
16345,1
10537,2
3694,2
11952,2
13269,2
3873,2
17653,2
2396,2
952,2
10668,2
1513,2
1349,1
3985,2
12705,2
7173,1
13305,2
1116,1
11673,3
3396,2
5841,2
14032,2
14444,2
2186,2
18640,3
1842,3
9962,2
8856,2
14053,3
12458,2
16430,2
7833,2
10097,1
6888,2
740,2
16284,1
4194,1
8976,2
6038,2
2672,2
11297,1
12998,3
8156,2
4912,2
4400,1
3918,3
18407,1
7499,3
9471,2
766,2
9425,3
3289,2
13978,2
2371,2
4137,2
18798,3
13645,2
6727,2
551,2
3737,2
2154,2
6221,2
6732,2
10088,2
5145,2
84,2
8504,3
12373,2
2943,2
9784,2
820,2
5048,3
13103,2
16836,2
6756,3
18243,2
18628,2
2142,2
11046,2
7423,2
2473,3
7407,3
7240,2
4757,2
6503,2
11279,3
6964,2
12614,2
15862,2
13044,3
7451,3
3265,3
13826,2
16325,2
6435,2
6867,2
5071,3
14985,2
14962,2
5055,2
14953,3
17795,2
15204,3
1341,1
6079,2
12400,3
17126,2
6799,1
4209,2
7973,1
3888,1
7204,2
9999,2
13784,2
15712,2
13110,3
5846,2
2765,2
12122,2
11583,3
14603,2
5786,2
14475,1
7874,2
16745,2
13257,2
17286,3
2089,2
7682,2
13696,3
7090,2
761,1
7503,1
5153,2
15832,1
10270,2
8157,2
4208,2
288,3
5068,2
11059,2
11551,3
7172,1
12296,2
972,2
2510,2
14942,2
11166,3
19040,1
5431,2
2443,2
18398,3
11469,2
10367,2
1221,2
3840,1
15010,3
7677,2
1128,2
9803,2
2462,2
5453,3
12342,3
14695,2
16661,3
18305,1
7763,3
735,2
5442,2
15708,1
11201,2
12202,2
10065,2
1310,2
15930,2
15909,3
10957,3
11609,2
9982,3
4514,2
15129,2
4005,2
15563,2
7239,2
7970,2
184,2
16301,2
8444,2
3013,1
10645,2
2257,2
12019,2
15202,3
17106,2
10161,2
15967,2
8305,3
16871,1
10121,2
1178,2
1135,2
6592,2
9810,2
18470,2
10190,2
1070,2
5382,2
1213,2
13179,2
14648,2
13821,2
11900,2
12275,2
6851,2
18078,2
5655,2
16936,2
14316,2
5093,2
14496,3
15946,2
17284,2
9620,2
4701,2
14140,1
4041,2
8809,2
11209,2
5380,2
18606,2
4708,2
12055,2
3579,2
106,2
3946,2
12829,2
5681,2
12378,2
11197,2
18486,1
11445,1
14471,2
14610,2
1877,2
10267,2
9570,2
18612,3
8682,2
1469,2
18424,1
17177,2
13181,2
10942,2
14098,2
10094,2
14288,2
347,2
10421,3
15183,2
7145,2
13810,3
4670,3
12676,2
6443,2
14051,2
9172,2
4685,2
5173,1
4045,2
9891,2
3505,2
14049,1
7456,2
63,1
9903,2
8166,1
9319,2
5363,2
16538,2
15751,2
10119,2
3158,2
20,2
9224,2
7739,2
5340,2
146,3
8664,2
14504,1
6915,2
2952,2
5465,2
18499,2
17091,2
9360,2
2867,2
3869,2
8379,3
17509,2
7362,1
16455,2
15540,1
4755,1
13312,2
10345,2
3490,2
8442,3
16279,2
18508,2
1271,2
17940,3
519,3
17404,2
5613,3
18755,2
4230,2
16247,3
12333,2
11464,2
910,2
13398,2
13239,2
16888,2
18707,2
7590,2
7515,2
5103,1
17957,2
1295,3
15518,2
12564,1
15551,3
13458,2
5385,3
9715,3
1088,2
14014,2
4248,2
13795,2
7326,2
7787,2
10822,2
1462,3
13416,2
18965,2
6726,2
9253,2
12303,1
1359,2
8202,2
13106,2
3471,2
9486,2
10706,2
13449,2
15742,1
8840,3
16521,1
2938,2
14130,2
15229,1
14979,2
15661,2
6525,2
677,2
18796,2
1979,2
15768,2
3006,2
10779,3
5393,2
10426,3
324,3
10637,2
3935,3
10187,2
7923,2
1147,2
11670,2
11236,2
305,2
12541,2
8865,2
16659,3
17358,2
8143,2
9940,2
3057,2
17304,2
17214,2
7472,2
3723,2
47,2
10230,2
6528,2
4169,2
16714,1
4993,2
17071,3
12841,2
15207,2
2102,2
15234,2
7894,1
16895,2
6394,2
14623,2
6111,2
14621,2
11187,2
7813,3
5858,1
18493,2
8742,2
1041,2
9918,1
1182,2
5073,2
8224,2
8394,3
6369,2
18043,3
6236,2
3404,2
9283,2
15367,2
1969,2
2226,2
14807,3
2326,2
17235,3
10581,2
815,2
4728,2
2913,2
6860,3
5017,2
18706,2
3810,2
5315,3
2397,2
9310,2
4184,2
9888,2
16051,2
5543,3
4228,2
16711,2
4864,2
356,3
4286,2
8782,3
7703,3
15539,2
17635,1
18433,2
10042,3
8031,2
14488,3
1316,1
16798,1
13508,2
4606,1
12836,2
16523,1
15014,2
6295,2
5647,2
2770,2
5154,3
12599,3
18865,3
16073,2
12872,2
7229,2
16849,2
14922,1
7339,2
11962,2
1369,2
4095,2
18552,2
18566,2
3615,2
16041,2
15190,2
18074,2
807,2
10251,1
9771,3
3164,2
5330,2
4416,2
623,2
11240,2
1536,2
4071,2
5591,3
9895,2
1620,2
16782,3
14863,1
14250,2
16719,2
9622,2
11346,2
14391,3
1625,2
2879,2
9298,2
13352,2
7658,3
15311,2
2227,2
14519,2
17713,3
14327,2
18643,2
1072,3
5264,2
5470,1
11290,2
12696,2
16004,2
14415,2
2071,3
3586,2
9167,3
12765,2
16477,2
10378,2
7669,2
1174,2
17705,3
5667,2
2454,2
14074,2
18385,2
1461,2
3654,2
12252,2
11136,2
18076,2
13494,3
6035,2
9031,3
12521,1
16998,3
8691,2
18238,1
14397,2
9707,2
3454,2
14462,2
14556,2
13346,2
10315,2
14226,2
13674,3
3030,2
13378,2
16349,3
1837,2
5381,2
1621,3
9403,2
15787,2
17243,2
13434,2
5241,2
4490,3
1272,1
9642,2
12645,2
15038,2
8303,2
18326,1
9089,1
14476,2
2194,2
10998,3
4193,1
3458,2
17883,2
1196,3
10312,2
9315,2
10427,2
18738,2
11004,2
15112,2
14218,2
10233,2
8345,2
4494,2
6167,2
1584,2
18410,2
8162,2
17858,3
18766,3
6798,2
1081,2
15897,2
14294,2
10572,1
14786,3
7820,2
8399,2
15814,2
1023,2
19007,1
468,3
839,2
10181,2
9898,2
15145,2
5704,3
11074,1
2974,2
9308,2
647,3
11834,2
14570,3
10723,2
12094,2
881,3
13209,2
248,2
7689,1
1084,1
6750,2
10110,2
15592,2
10594,2
5480,2
10709,2
17774,2
4063,3
5430,2
14639,2
17462,2
13749,2
2752,2
1514,2
12337,2
16374,3
4359,2
5807,2
5676,2
8647,2
16263,1
8260,2
12091,3
10614,2
6231,2
18185,2
2342,2
12137,2
11172,2
958,2
2160,2
2115,3
11577,2
17331,3
14408,2
16622,1
15700,2
11615,2
14329,3
7040,2
16346,2
9762,2
2602,3
5775,2
8063,2
927,2
2011,2
8377,2
17629,2
17587,2
19005,2
13273,2
5326,2
5461,2
15394,2
17453,2
16885,2
18882,1
12195,2
12231,2
9436,3
6468,2
18589,3
12493,2
4551,2
15639,2
13677,2
1932,3
18819,2
11628,2
10876,3
16740,2
18912,1
11088,2
9976,2
4936,3
6580,2
537,2
17493,2
245,2
4285,2
17880,2
775,2
10633,2
4406,1
6998,1
11110,2
15210,2
409,2
5531,2
9459,2
3137,2
5533,2
1768,2
4302,3
9573,2
2130,2
9114,2
11146,2
9594,3
4688,2
3726,2
7009,3
3940,2
4179,3
2476,3
14921,2
2847,3
5321,3
8268,2
13979,2
3819,3
10408,3
18732,3
15440,2
17213,2
1329,2
9485,3
17627,2
716,3
16855,2
16476,2
3329,3
18578,2
6458,2
12319,2
16142,2
9456,1
14770,3
3701,3
18991,2
7645,2
17581,2
4941,3
18042,2
5884,2
14239,2
10374,2
2589,3
964,2
416,3
11258,3
12056,2
684,2
16339,3
10479,2
6815,1
16048,1
17689,2
7990,2
4312,2
7463,2
2245,2
8631,3
611,2
9460,2
5498,2
653,2
15522,2
12693,1
14745,2
15119,2
9562,2
16326,2
17602,2
6861,2
8997,2
7531,1
17224,1
3326,2
14219,2
12798,1
9924,2
17157,3
7335,2
17204,2
6950,3
13924,2
1581,2
7785,2
15414,2
6847,2
3233,2
9796,2
18302,1
7457,2
9462,2
18005,2
16951,3
11987,2
5643,2
16572,2
16887,1
6022,2
3292,3
2715,3
4042,2
14616,2
4354,2
16030,2
12413,3
19069,3
4132,2
7788,2
12789,3
13145,2
6159,2
10259,1
10073,1
2565,1
17121,2
7522,2
16721,2
12418,2
5101,2
9576,2
1170,2
5302,2
14681,2
7261,2
681,3
7714,2
13607,2
4025,2
16746,2
5104,2
3818,2
751,2
18523,3
4062,2
12787,2
4528,3
6269,3
15991,2
15781,2
8943,2
62,2
16478,2
10184,2
4873,2
13956,2
17995,1
13443,3
18592,2
3887,3
4428,2
577,2
18868,2
8640,2
1774,3
2562,3
3395,2
13075,3
4126,2
16091,2
11191,2
710,3
17485,2
6354,3
9372,2
12471,2
6051,2
4903,2
1805,2
15260,2
9897,2
15357,3
2353,2
7010,2
18585,2
18230,2
18885,2
16333,2
1990,2
6989,1
15800,2
2859,2
11100,2
15893,3
6318,3
848,2
6515,3
4210,2
6183,2
12100,2
4124,1
9393,3
13771,2
5659,2
4087,2
17972,2
5653,2
7699,1
3495,2
11855,2
16,2
7991,2
1233,2
12682,2
1692,2
10511,1
9514,2
13266,2
802,2
10262,2
3027,2
17585,1
6677,3
14734,1
2087,2
14915,2
13287,3
559,3
18245,1
16043,2
13681,3
14290,3
6910,2
17618,2
7998,2
15331,1
646,3
14738,2
3319,2
11771,2
3993,2
16642,3
4456,3
7752,2
16739,2
15926,2
11057,2
18377,2
1033,2
15861,2
9039,2
9944,2
14424,2
3387,2
15852,1
17965,1
4617,2
18860,3
6081,2
920,3
17008,2
505,2
11522,3
867,2
11881,2
11829,2
16162,2
13071,2
2001,2
5710,2
12980,2
13900,1
320,2
2973,2
741,2
665,2
4866,2
3245,2
5712,1
2095,2
10009,2
14652,2
13571,2
1660,2
3041,3
476,2
7939,2
18047,1
16031,2
15616,2
13036,2
18667,2
4499,2
6276,2
9196,2
1501,2
15537,2
5656,3
12895,3
12892,3
18362,2
17697,2
12733,2
9173,3
7928,2
15731,3
1049,1
15502,3
36,2
10265,1
6868,3
1246,2
9714,1
8416,2
18901,2
11702,1
4457,2
11677,1
3058,3
3613,2
11647,2
9340,2
17859,1
1926,2
478,3
3104,2
6026,2
18577,2
12897,1
7817,2
10221,2
2138,3
8042,2
8270,2
8273,2
15016,2
1087,2
480,1
15910,2
6161,2
8612,2
10604,2
16539,2
15191,2
5534,2
10875,2
5925,2
6360,1
14116,2
6834,2
18677,2
4061,3
9525,3
16286,1
15717,1
601,3
14636,2
12399,1
15160,3
6937,2
2537,2
16987,2
15953,2
10845,2
1280,2
14384,2
13447,1
8133,2
16200,2
3792,2
14355,3
8191,2
6267,3
2934,2
10759,1
5565,1
13527,3
1636,3
8122,2
6308,2
15511,2
6031,3
4548,2
16549,2
14320,2
8090,2
1236,2
10453,2
7712,3
14016,2
11028,2
9526,2
3942,3
10370,1
798,2
9795,3
6603,3
10542,2
2043,2
15032,2
15262,2
14243,2
6862,2
14264,2
9339,2
2502,3
9673,2
1723,2
3465,2
3594,2
3508,2
8960,2
2263,2
1911,1
244,2
13001,2
18260,1
5161,2
8391,2
4785,2
13679,2
1218,3
17448,3
11511,2
7119,2
8867,2
13596,2
748,2
8441,1
14981,2
10272,1
16990,2
7628,3
4288,2
16354,2
5934,2
2915,2
17620,2
7955,2
12099,3
900,2
4758,2
309,2
13656,1
4965,3
11415,2
673,3
11567,1
9084,2
12877,2
15194,3
3077,2
13154,2
4522,1
7022,1
6899,3
6961,2
7791,2
1436,3
2162,2
18034,2
1917,3
3736,2
7098,3
7779,1
7775,2
2587,2
12330,1
15949,3
394,3
7205,2
9496,2
8359,1
7877,2
5400,2
218,2
1561,2
6434,2
17399,2
17534,2
6681,2
16868,2
11455,3
18319,3
4467,2
14918,2
13367,2
7525,2
12403,1
814,2
3472,2
17871,3
17779,2
12816,2
2681,2
5039,2
14477,3
8271,2
11421,2
18899,1
12808,2
14047,2
1073,3
5389,2
10241,2
4254,2
2540,2
11865,3
8847,2
10858,3
16988,1
7079,3
11161,2
4019,2
4520,2
11438,1
7127,2
5552,2
3674,2
3600,2
14779,3
8080,2
9769,2
7279,2
17192,2
1177,3
1508,2
8838,2
2812,2
13636,2
8564,2
5671,2
16496,2
17527,3
5247,3
12264,2
3046,2
3772,2
5718,2
6991,2
6249,2
3371,3
3856,2
8327,3
4982,3
17337,2
8294,2
10840,1
16119,2
16330,3
18131,2
9497,2
18515,2
10338,2
18911,2
8496,2
18513,1
871,2
16566,2
13946,3
12518,1
14626,3
6728,2
12350,1
12551,2
5058,3
15209,2
1835,3
15488,1
17405,2
6939,2
13015,1
15055,2
11516,2
9572,1
5649,3
5462,2
16417,3
4260,2
15088,2
4199,2
5596,2
16243,2
8396,2
9908,2
2600,3
14301,1
406,3
3877,2
19082,2
8067,2
13976,2
12481,3
17438,2
12347,1
17888,2
7013,3
14146,1
6208,2
12179,2
8748,2
9977,1
1780,2
4235,2
15773,2
6980,3
11145,2
5511,2
16390,1
2595,2
17363,2
4380,2
18263,1
17133,2
13904,2
11075,1
5308,2
2272,3
3403,2
3759,2
13216,2
1604,2
10745,2
10116,3
5150,3
13024,2
5952,2
1925,2
10632,2
11597,2
16365,2
2698,3
11452,2
13445,2
2057,2
11009,2
11669,2
17924,1
17024,2
5450,2
10557,2
8862,2
11048,1
1371,2
4224,1
16779,3
16110,2
14289,3
2310,2
15379,2
7869,3
15841,3
15084,2
16762,2
3945,3
3591,3
18762,2
6792,3
3924,3
10969,1
17520,2
2656,2
8167,2
11650,2
1194,2
884,2
10782,2
8833,3
10274,2
6559,2
17237,2
4052,2
12522,2
9230,3
3719,1
12117,2
16092,2
5669,2
7224,2
6775,2
10515,2
14381,2
19074,2
7576,2
13267,3
12461,3
14248,2
16560,1
14096,2
15205,2
17941,2
17975,2
176,2
8759,3
11133,3
5170,3
8911,2
3969,2
13344,1
10685,2
14241,2
11412,2
16909,2
4839,2
7558,2
5057,3
18587,3
9321,2
1159,2
8218,2
1589,1
435,2
14619,2
17262,2
16759,3
15739,2
9865,3
15422,3
9739,3
6516,2
16482,2
11624,3
1458,3
1554,2
15266,2
16578,3
8812,3
3590,2
17736,3
16419,3
9913,1
16991,2
15445,2
14156,2
6521,3
17232,3
17004,2
544,2
10833,2
5323,2
4848,3
13348,2
8510,2
6260,2
13986,2
1531,1
11376,2
12291,2
5027,2
11611,2
6316,2
7665,3
8206,2
7271,1
1431,3
13496,3
139,1
18275,3
10289,3
12288,2
2358,2
3789,1
19067,1
8754,2
17020,2
614,2
10128,2
9539,3
18003,2
10416,3
5525,2
4014,2
18904,3
7442,1
8526,3
5022,3
10900,2
8666,2
4893,2
16504,3
17810,2
11056,2
9639,1
1633,2
16700,2
9568,3
6268,2
1092,2
18400,2
11272,1
18216,1
17707,3
10192,2
10436,3
14492,3
12754,3
4297,2
3009,2
13533,2
12234,2
18293,2
15703,2
13183,2
6498,2
8695,3
1828,2
14267,2
14799,2
8737,2
12511,2
13896,3
12898,3
8175,2
8100,2
17130,2
11822,2
3960,2
7673,2
1239,2
7567,1
1061,1
4337,2
12860,2
4856,1
6634,2
8213,3
13576,2
8066,1
3155,2
7376,2
9524,3
2442,2
17956,1
6614,2
5414,2
6492,2
13719,2
10658,1
4605,2
3932,2
1337,3
18014,2
17364,2
1410,2
3391,2
18009,2
8209,3
330,3
14963,2
14333,1
6782,2
3047,3
9835,2
2195,2
6007,2
9582,2
2911,3
4801,2
2330,1
2577,2
15792,2
15843,2
5626,3
10391,2
13984,3
6564,2
7605,2
4067,2
17471,2
15396,2
16401,2
5320,3
12671,1
13942,2
10115,2
8026,3
8356,2
7064,1
15261,2
17539,2
357,2
13099,2
5705,2
18480,2
3558,2
4957,2
8001,2
6578,2
3580,2
14750,2
9731,2
7099,2
9561,2
5202,2
14964,2
17855,2
5597,2
3793,2
249,2
10023,2
11381,2
14291,2
8402,2
18816,3
9696,2
1883,2
14617,2
6678,2
11503,2
11813,1
9609,2
13490,2
14913,2
10352,1
15962,2
13668,2
11570,2
15317,2
1609,2
13429,3
2880,2
15271,2
10766,3
140,2
11768,2
13294,2
2304,2
13097,2
15914,1
15195,3
12893,3
15985,2
17173,2
14967,2
13484,1
9176,2
10934,3
4413,2
230,2
3399,3
11542,2
15790,3
2749,1
11565,2
15705,3
3562,2
17848,2
18186,1
7890,3
8581,2
7880,2
15200,3
17187,2
3874,2
922,3
4770,2
4170,3
16387,2
14835,2
12167,1
4972,2
13080,2
7672,2
3172,3
13985,3
15405,2
4861,2
6606,3
7730,2
11758,2
9178,2
9333,2
16076,2
11968,2
4576,2
4987,2
13087,1
1680,2
11047,1
12577,3
15449,2
1235,2
4886,2
8741,2
10796,2
10124,2
6935,2
13751,2
14970,3
9108,2
10829,2
9121,2
17124,2
14837,1
7228,3
16715,2
3846,1
11832,2
15251,2
12134,2
9970,2
10988,1
18633,2
8849,3
19070,2
8165,2
17113,2
3620,2
10463,3
5730,2
17703,2
3781,2
12874,2
12928,3
16011,3
18848,3
529,1
8045,2
5827,2
6264,2
11286,2
8207,3
1771,2
1821,3
10203,2
2716,3
4675,1
5230,2
1853,2
14009,3
6333,2
10328,2
13646,2
1834,2
11595,2
7299,2
2491,2
1541,2
13789,2
9566,2
17044,3
12441,3
136,2
8785,2
17818,2
10146,3
2361,2
13172,2
7633,2
8486,3
1711,3
7901,2
2474,3
10440,2
16293,3
13205,2
19049,2
3065,2
7743,3
6999,2
16970,2
12312,2
6817,2
7439,3
886,2
16731,3
9270,2
3908,2
1873,2
4020,1
13526,2
11948,2
6582,2
18331,2
8832,2
13002,3
6630,2
3154,2
15096,3
7116,2
8926,2
13917,2
10806,3
13208,3
3423,2
6279,2
16246,2
9516,2
17613,2
808,2
7218,3
6258,2
7458,3
3880,2
10058,3
3386,2
2329,2
12008,2
988,2
12817,3
14150,2
18395,3
7794,1
3636,2
5929,2
13215,2
2278,3
16291,2
973,2
3680,1
3295,2
4759,2
12430,2
5608,2
18990,3
12736,2
10631,3
16750,1
7608,2
10966,3
11316,3
5946,2
5822,3
11303,3
10917,2
8678,2
14061,2
16287,2
13818,2
2561,1
3357,2
7500,1
17809,2
6383,2
6977,3
14155,2
9279,2
18921,3
7844,2
3220,2
18745,2
1171,2
13316,1
8219,2
5930,2
12760,2
12335,2
14432,2
629,1
15140,3
17400,2
168,2
7589,2
15219,2
12802,2
4094,2
221,2
1775,3
15810,2
1656,2
8853,2
8180,2
5624,2
10953,2
18136,2
9643,2
12997,3
16632,2
2551,3
2622,1
16216,2
7688,3
482,1
540,2
15350,1
3064,2
4066,2
3851,2
16134,2
4595,3
9624,2
12022,2
4269,2
323,3
130,2
4160,2
8400,1
3177,3
6916,2
10895,2
16553,2
15654,3
9969,2
12756,2
10817,2
4772,2
2501,2
12372,2
12751,3
7276,3
16250,3
4553,3
2125,2
6857,2
7384,3
13147,3
13609,2
1550,2
16898,1
7412,3
12225,2
16452,2
7748,2
2193,2
13053,1
16406,2
18891,2
18634,2
10821,2
13740,2
8583,2
16595,3
2964,2
8492,2
8804,2
17171,2
4296,2
1970,2
3687,3
11655,2
9945,2
10787,2
10396,2
12239,1
5546,2
5180,2
1783,3
6850,2
12043,2
17683,3
4951,2
18349,1
11951,2
6089,2
2849,2
17690,2
1252,2
15886,3
14113,2
16340,2
10518,2
6891,3
8544,2
17846,2
15770,2
9797,2
18188,1
2382,2
15921,2
193,3
7870,2
6604,2
6377,3
3584,2
6466,2
1336,2
6000,2
4998,2
6594,2
9296,2
2445,2
3336,2
14461,2
8663,2
14558,2
3836,1
11155,3
16829,3
6806,1
15532,3
3664,2
6615,2
11400,1
15681,2
17030,2
2512,2
14968,2
5495,1
8746,2
16806,2
6429,2
3952,2
7585,2
13971,3
4395,3
5004,2
4430,2
12749,1
15325,2
6497,2
16124,2
12201,2
18195,2
1293,2
2196,2
15982,2
2376,2
16914,2
6942,2
15548,2
12329,3
7185,3
1314,2
8089,2
8288,2
5466,2
2395,2
6644,1
7768,2
16422,2
17279,1
14827,1
18609,2
6162,3
7050,2
4002,2
5582,2
12839,3
16974,2
4841,3
13323,3
4735,2
4610,3
11339,1
4944,2
3098,2
16766,2
3044,2
3859,2
2723,2
11955,2
18944,2
16420,2
6720,3
4386,2
6099,2
15399,2
714,2
7077,3
4060,2
10562,2
9153,1
7434,2
7818,2
10764,2
4616,2
15441,2
9328,2
11273,1
14227,2
8188,2
15526,2
12125,2
642,3
14638,3
143,2
3708,2
7103,2
2818,2
8369,1
18910,2
1140,3
8669,3
3209,2
9749,3
16854,2
13094,2
2374,2
407,3
7001,1
10691,2
4566,2
2989,2
10041,1
11369,2
1425,3
13536,2
15531,3
6173,2
5314,3
9915,3
10799,2
3682,2
1599,2
243,2
11985,3
8900,3
1255,2
5217,2
4674,2
10474,2
13159,2
5559,2
5135,2
15628,2
17512,3
17011,2
8480,3
19068,1
712,2
10486,2
1722,2
12813,2
11737,2
15970,2
6770,2
18728,2
3860,2
13728,2
11165,2
17467,2
8216,1
11928,1
14629,3
460,2
5331,2
9144,3
8656,2
1504,2
10596,2
8482,2
13828,3
9353,2
15637,2
8250,2
10676,2
18274,2
14181,3
16440,2
3040,2
11364,2
14653,3
9876,2
2156,2
10669,2
17029,2
18199,2
12448,2
5420,2
3259,2
7764,2
14959,2
2599,2
6088,2
16161,1
3160,3
3522,2
12944,2
5801,2
6149,2
10720,2
5209,2
11313,2
10422,2
11024,2
17313,2
6296,2
15308,2
14151,2
3653,2
2222,2
8478,2
8107,2
12949,2
16657,2
1283,2
5404,2
17582,2
1686,2
13863,2
1082,3
5273,2
7309,3
1806,2
5182,2
1057,2
9746,2
2682,2
5290,2
18895,2
1394,2
18022,2
1973,2
6712,2
18871,2
17964,2
5332,2
3720,2
2960,2
6124,3
10359,2
15877,1
12969,3
18903,1
5452,2
11493,1
3004,2
9857,2
13954,2
3841,3
8452,2
7265,3
2918,2
1823,2
11022,2
12357,2
6189,2
6547,2
11437,1
14600,2
8462,2
4363,2
4053,2
16039,2
14089,2
649,3
12190,2
12051,2
1657,1
15321,2
11130,2
2687,2
7282,2
15257,2
19047,2
13778,2
4092,2
11334,3
10534,1
12603,2
8117,2
4321,2
1334,2
9198,2
15135,3
17716,2
11860,2
11173,2
10722,2
1815,2
17258,2
16386,2
17389,2
5354,1
15891,2
11910,2
5557,3
1282,3
14584,3
1906,2
12689,2
18035,2
1558,2
13471,3
17710,2
15892,2
14282,1
8169,1
13755,1
2091,2
7902,2
14628,2
4036,2
1343,2
11812,2
11833,2
12630,1
354,2
9737,3
6940,3
15043,3
6653,2
10777,3
11795,2
6589,2
13744,2
12230,2
7536,2
3346,3
2940,2
609,2
640,1
15206,2
16791,3
17990,3
2422,3
6686,3
2511,2
16375,2
13497,2
4647,2
4040,2
19006,2
4177,2
16807,2
9961,2
6613,2
9182,1
17436,3
15368,1
2129,3
12919,2
6363,2
12277,2
15074,3
15013,2
8959,2
13199,3
11976,2
1074,3
696,2
9843,3
16574,2
2424,2
3559,3
5494,2
13051,3
1516,2
18316,2
10382,2
11485,2
3503,2
18296,2
16646,2
12753,2
13220,2
506,2
4859,2
1050,2
14011,2
4921,2
1065,2
4799,2
11269,1
17607,3
14106,2
4172,3
3876,2
7872,2
6073,2
6382,3
16783,3
10587,3
596,3
16728,2
13440,2
5030,3
2399,2
17026,2
8706,1
19095,3
6571,2
3451,2
1212,2
3351,2
5706,3
2173,2
17776,2
7489,2
14412,2
11219,1
6718,2
1963,3
5301,2
11142,2
3032,2
16363,2
9807,3
12543,2
4768,3
17322,2
3119,2
7720,3
6011,2
15573,2
9083,2
18947,2
6744,2
9754,2
18979,3
971,2
9725,3
7372,1
5707,2
746,3
15086,1
8607,3
11618,2
17921,1
13478,2
7614,2
2533,2
6426,2
4535,1
15334,1
1200,2
13288,2
13089,3
15363,3
4756,2
8306,3
16802,2
10456,3
10769,2
5212,2
13849,3
18649,3
2850,2
2507,2
10185,2
7130,2
9018,3
892,3
3170,2
13297,1
185,1
8743,3
18884,2
850,2
17569,3
830,2
17715,2
5780,2
9374,2
4687,2
12197,3
10076,2
6410,3
14230,2
10695,2
11937,2
5898,2
12699,3
14814,3
2657,3
10654,3
3144,2
1918,2
1168,2
15213,1
15676,2
4692,2
827,2
153,1
15184,2
10561,2
14468,2
8917,2
14172,2
3597,2
18488,3
8962,2
4233,2
9250,3
3010,2
5347,2
12302,3
8574,2
12724,2
10498,2
16488,1
5231,3
7632,1
5383,3
9347,3
5991,3
1307,2
6448,2
9219,2
13786,2
18684,3
16484,2
2179,3
5469,2
16046,2
2914,2
7750,3
9232,2
889,1
4901,3
1176,2
8672,1
17963,1
13883,1
17013,2
5038,3
4766,2
15610,2
17234,3
14688,2
3612,2
14861,2
6181,2
6844,2
9851,2
15775,2
2654,1
14269,2
5042,2
1148,2
17017,2
4830,1
353,2
13033,2
14510,3
700,2
7360,2
13839,2
18767,1
7822,2
14847,2
5576,2
16037,2
329,2
4715,2
18995,1
3977,2
15221,2
2295,2
5221,3
10056,3
613,2
1703,2
17695,3
698,2
13699,3
3800,3
1398,2
1744,2
17781,2
8923,2
4603,2
750,3
12036,2
18463,2
11649,2
9786,2
15333,2
16786,3
6904,3
10059,2
16356,2
6934,3
16180,3
10236,2
11403,2
4182,2
5691,2
12196,2
13158,2
7588,2
16113,2
10169,2
14508,2
7180,2
11925,1
2093,2
8925,3
8286,2
398,3
18616,3
18942,2
1472,3
4922,2
9521,2
15984,2
13032,1
14851,2
9387,2
3282,2
1187,2
7734,2
1048,3
16795,3
818,2
12910,3
17836,2
17785,2
12180,2
17365,2
12280,2
10744,2
12381,2
7692,1
11905,3
8179,1
18763,2
10995,2
1392,2
3692,2
2393,2
13943,2
6703,2
14356,3
2058,2
13246,1
9247,2
15225,2
2858,3
8361,2
12999,2
10910,2
6,2
4567,2
17033,2
15041,1
10484,2
6832,2
4021,2
17479,2
17062,3
11736,3
16308,3
11185,2
11225,2
2430,2
4519,2
6340,2
306,2
15005,2
4857,2
10638,2
355,3
13040,2
10237,2
3367,3
8049,2
4488,1
2131,3
6027,2
6595,2
17416,2
4963,3
15507,2
7583,2
14003,2
13989,2
16809,2
12164,2
13475,2
2630,2
1854,2
18770,1
11687,2
4533,2
14479,2
234,3
5488,3
7131,2
15820,2
15933,1
13887,3
18599,2
14730,3
18432,3
17489,2
16877,2
1760,1
7336,2
13518,3
12130,2
4125,2
5738,2
2362,2
7862,2
11082,3
13539,2
18176,2
11748,2
5808,3
16612,1
12027,2
18221,2
8795,3
12158,2
887,1
17424,2
13065,2
6180,2
11440,2
5007,2
5695,2
9975,3
18285,2
7910,2
3667,2
3501,2
13724,3
16651,2
14620,2
3481,2
15871,2
15764,2
18233,2
11389,1
7759,2
15716,2
9246,2
9475,2
16411,2
1590,3
16851,3
16098,2
13355,2
6063,2
6175,2
4128,2
9849,3
17289,2
3991,3
16341,2
7966,3
11496,1
8808,2
4992,2
574,2
5467,1
15391,3
4144,2
17928,3
1421,1
1251,2
14426,2
1247,2
72,2
6069,2
10248,1
12436,1
2538,3
14724,2
14154,2
6263,2
16416,2
18557,1
12431,1
2175,2
14607,3
12103,2
2920,2
10664,2
9125,1
7465,2
12625,1
10856,3
7401,3
4485,2
15584,2
12343,2
18806,1
17226,2
12472,3
17862,2
3541,2
9364,2
13965,3
15089,2
8229,2
2917,2
4601,1
14162,2
16471,2
9583,2
12274,3
16140,2
1972,2
9058,3
1075,2
14720,2
18435,2
2311,2
9346,2
6907,2
15068,2
15969,3
14174,2
11320,2
11081,2
1610,1
17093,2
9930,2
9709,2
16380,2
115,3
11016,2
1320,3
3485,2
13404,2
4546,2
8563,2
15693,2
13019,2
13794,2
1730,2
753,2
6348,2
11405,2
4196,2
14396,2
14996,2
17341,2
10102,2
2463,2
11671,2
16436,2
14142,2
7724,3
18355,2
2629,2
4904,2
13236,3
4849,3
6305,2
12861,3
7437,2
17529,2
15037,1
431,1
2064,2
9614,2
11123,2
11106,2
18498,3
18743,1
4549,2
7711,1
9352,2
5054,2
12740,2
17595,3
7028,2
18342,1
19081,3
16313,3
4981,3
835,3
4970,2
9547,2
1117,2
13599,1
15625,3
11384,2
8586,2
15774,3
12661,3
1322,2
18817,3
719,2
4707,2
11852,2
4,2
13531,2
315,2
15535,1
4878,2
3323,3
11010,2
662,2
705,3
3384,2
12781,2
16486,1
17299,2
4204,2
18040,3
11942,1
1502,2
16473,2
3217,2
7783,1
4724,2
17782,2
6142,2
13693,3
14769,1
13836,1
1846,3
17959,3
7581,3
18020,2
12120,2
17391,2
5554,3
4222,3
6397,2
10771,2
7666,2
17368,2
15649,1
18622,3
758,2
3401,2
13364,3
7328,2
18193,3
5593,2
15782,2
7037,3
15102,2
1706,2
17230,2
11931,2
14631,2
26,2
1456,2
4306,2
15,2
1386,2
54,2
4028,1
13832,2
1119,2
14122,2
15395,2
13241,3
7782,2
6170,2
17297,2
13119,2
11587,2
14795,3
6238,3
7441,2
6908,3
1352,2
2936,2
18460,2
15049,2
7214,2
6780,1
18322,1
9086,1
2860,2
14185,2
18821,2
3963,2
57,2
16085,2
4545,2
4330,3
17619,2
10037,2
5873,3
12633,2
18758,1
891,3
3343,2
17143,2
11725,2
13188,1
7074,3
5722,2
16099,2
14784,2
13768,2
18244,2
2191,2
3576,1
10555,2
13538,2
896,3
1254,3
2400,3
6222,2
16563,3
6344,2
18723,3
2509,2
3424,2
9659,3
9457,2
1754,3
7226,2
12803,2
3033,3
3788,2
7732,1
8495,3
17998,2
19077,2
11278,2
15178,1
15733,1
12148,1
4630,2
14251,2
18387,2
11805,2
4731,2
18837,3
7242,1
4968,2
14792,2
592,2
11970,3
3224,2
2708,2
15525,2
7554,2
15555,2
5875,2
7297,2
11819,1
9207,2
15889,2
15268,2
4445,2
16621,2
14943,2
5000,2
1377,1
11667,2
6546,2
16195,2
16937,3
7771,2
14945,2
2019,3
6794,2
6762,2
12477,2
13182,3
9722,2
351,2
18792,2
17960,3
5186,3
15972,2
515,2
14791,2
1405,2
1761,1
15461,3
4829,1
14876,2
8159,2
11498,2
1440,2
5607,2
14262,2
13732,2
4932,2
1685,1
11105,3
504,3
9553,2
18382,2
6053,2
8194,3
4867,2
18625,3
15474,2
1921,3
1710,2
5096,2
7906,2
3187,2
3231,2
11967,1
15359,3
9701,3
9305,2
5489,2
4274,2
12470,3
3727,2
14210,2
2905,2
18639,2
10123,2
11374,2
11453,2
2425,2
12901,2
7057,1
11205,2
1208,2
5092,2
3478,3
1186,2
11596,2
17767,2
12592,1
16305,2
2233,2
2259,2
3411,2
4024,2
6371,2
1226,1
7679,2
8350,2
10905,2
8261,2
5674,2
518,3
616,1
18688,1
6193,2
19051,2
1825,2
11298,2
14279,1
17536,2
6120,2
11685,2
6549,2
12952,2
17914,3
7380,3
7742,2
13045,3
15835,2
16910,2
310,2
7674,2
15567,3
8186,2
9019,2
9813,2
3283,2
3374,2
13213,2
375,2
3677,3
9720,3
8820,2
3337,2
17543,2
10448,3
12026,3
15965,2
6477,1
6156,2
17729,2
6352,3
17236,3
6543,2
5100,2
4463,2
3608,2
9424,2
12615,3
332,2
12984,2
6291,2
9556,2
5857,2
7038,2
5002,2
17951,2
3222,2
377,2
8341,2
1118,2
17336,3
9284,2
18518,3
1301,2
399,2
6195,2
18308,1
17349,2
9870,2
3774,3
6874,2
2207,2
4974,2
7810,2
18572,2
4656,2
8040,2
8826,1
4198,2
12212,2
18844,2
8335,2
6372,2
16790,2
15063,3
17610,2
4643,2
5878,2
13085,2
5516,2
12686,2
11080,2
9773,2
2717,2
10973,2
6715,2
15867,1
1999,2
15121,1
15797,3
5307,2
18584,3
11317,2
8298,2
6996,2
16347,2
11839,3
7193,1
5341,2
6637,2
9142,1
15601,2
2022,3
17643,2
15044,2
2781,2
16183,2
12825,1
15760,2
1827,2
10527,2
633,2
8891,1
2490,2
10907,3
15448,2
8594,2
1529,2
15650,1
19020,2
4214,2
11588,2
4516,2
10717,2
8446,2
13737,2
117,2
13556,3
10652,2
9644,3
8149,1
1944,2
7042,2
12680,2
6997,3
15364,3
3334,2
13054,2
12537,2
483,3
17601,2
10163,2
4324,2
13343,3
5429,2
18849,2
5845,2
7550,1
90,2
17152,2
12601,2
17499,1
9271,2
1217,2
12192,2
13695,1
14824,2
15803,1
13232,3
10921,3
17884,2
14165,2
19003,2
11477,2
13441,3
15075,1
13296,2
5748,2
5131,2
4076,2
14176,2
17555,1
16489,2
7021,1
15302,1
10008,2
8791,2
11395,2
4983,3
15304,2
3581,2
3889,3
14367,2
11204,3
6870,1
1053,2
11963,2
13007,3
15031,1
4832,1
12363,2
12574,2
10066,1
6803,2
3658,3
16635,2
4088,2
7208,2
9850,2
2066,2
10441,1
16964,2
7627,3
3186,2
16138,2
15358,2
13573,3
9948,2
7196,2
16734,2
12515,1
517,2
119,2
729,2
539,3
8702,1
4942,2
7474,2
6557,3
7166,1
177,2
1985,2
12039,2
9515,3
15106,2
6814,1
14473,2
15420,3
2780,3
13095,2
3321,2
2785,2
15853,2
9255,3
3550,2
8806,2
13042,2
6414,2
19038,3
4270,3
6668,1
284,3
4257,2
16763,2
8597,2
4559,2
16254,2
14217,2
13657,3
8012,2
12818,2
5951,2
11244,2
14242,2
14261,2
16469,1
10570,3
13238,1
14493,3
17652,1
14145,3
8451,3
3802,2
18603,2
5174,2
19100,3
15124,2
11169,2
17504,2
15362,3
8150,2
10551,2
11638,2
10182,2
2467,2
11600,2
13867,2
6858,2
2482,2
2983,2
12889,3
9395,3
1534,2
12285,3
41,2
12405,3
1937,2
3161,3
6351,2
16472,2
18955,2
11993,2
553,3
16226,2
11675,2
5594,2
15883,2
15749,2
1040,2
970,2
1209,2
10287,1
6100,3
11497,2
10418,3
2338,3
17078,2
13139,3
6078,2
6791,2
13711,2
2651,1
6478,2
13712,3
6540,3
16644,3
7524,2
6187,2
16241,3
16844,2
4139,3
2116,2
6350,2
16404,2
17740,2
3008,1
6636,2
3139,2
17159,2
7083,2
8176,2
2814,2
15192,2
4748,2
5870,2
16225,2
16320,2
9708,2
2269,2
3288,2
8668,2
12483,3
15614,2
524,2
12812,2
11149,2
11520,3
737,2
16117,2
10006,3
15520,2
5678,3
4627,2
1593,2
18088,2
18760,3
14141,2
14825,2
11679,2
6788,2
5256,2
12395,3
1787,2
11325,2
16443,2
14694,2
17242,1
12525,2
9010,2
12166,2
15045,2
10445,2
4838,2
2286,2
18694,3
11672,2
8006,2
17101,2
2128,2
6733,3
2149,2
1975,1
15242,2
6037,2
10922,3
6240,2
10935,2
13203,2
18017,2
11586,2
4238,2
18813,3
1566,2
9200,2
3811,2
13561,2
18914,2
572,3
15000,2
12909,3
12608,2
11705,2
18918,3
14693,3
18143,3
828,1
6500,2
15611,2
18934,2
8529,2
12336,2
14340,1
14374,3
1688,2
18775,1
10449,2
11537,3
12124,2
11036,2
4909,2
8755,2
7807,2
8050,2
1675,1
12644,3
4914,2
4809,2
7157,2
6409,2
17661,2
4552,2
7048,2
3582,2
13816,1
10531,2
3844,1
18056,2
14844,2
14311,2
18507,1
3915,2
14546,2
12960,2
392,2
7072,3
449,2
14464,2
17098,2
8032,2
13067,1
17476,2
1491,2
5255,2
656,2
87,3
14842,2
1230,2
14702,2
17367,2
17763,2
13402,2
6642,3
996,2
2554,2
179,2
8483,2
3140,1
11566,1
1892,3
9629,3
7435,2
18761,2
10392,2
11539,2
13146,2
13315,1
6198,1
3631,2
13420,3
4450,2
2063,2
9373,2
4091,2
8331,2
17503,3
5405,2
7331,2
3195,2
9449,2
16379,2
11237,2
7984,1
14274,2
13374,2
2925,2
4152,2
937,2
11808,2
10460,2
15936,2
4295,2
4440,2
252,3
7980,2
580,2
5251,1
1046,2
1735,3
17968,3
12977,2
12903,2
13621,2
8797,2
2372,2
16848,2
5271,2
16980,2
8344,2
8701,2
6147,2
8855,2
15235,2
17737,1
7467,2
12096,2
14198,2
2823,1
11800,2
1957,2
4313,2
654,2
17116,2
18443,3
15842,2
16718,2
3614,2
461,3
13733,2
9248,2
6748,2
14465,3
10304,2
17506,2
4745,2
10130,2
8658,3
1382,2
2930,3
1776,3
10747,2
14073,3
3538,2
3724,2
9606,2
16324,3
12410,2
6402,2
1674,2
9487,2
5127,2
4064,1
5962,2
17196,1
18789,2
18726,2
13910,2
6064,2
4573,2
17038,2
3768,2
5721,2
4712,2
12729,2
1207,3
5953,1
9920,2
7643,2
5583,3
11890,1
11772,3
13763,3
9428,2
5770,2
6505,2
7487,1
15786,2
5852,2
2522,2
8768,2
3703,1
560,3
17458,1
16847,3
9068,2
15069,3
13903,1
9267,1
10646,2
8431,2
4410,2
10679,3
5080,2
10597,2
10795,1
6928,2
16010,3
16177,3
13507,2
17547,3
16228,1
2423,2
9736,3
9980,1
12147,2
14893,2
4146,3
8362,2
3882,2
2830,3
12113,3
11668,2
13468,2
7461,2
2419,2
14731,2
9554,2
6807,2
9742,2
11824,1
12621,3
18489,3
12573,2
15490,2
12936,2
14308,3
13058,3
319,2
13549,2
15426,3
7139,3
14328,2
14419,2
2104,2
18500,2
15688,2
4301,3
17577,2
13516,2
9723,2
18453,2
17719,2
10576,3
571,2
12888,2
18418,3
6349,2
11067,2
8635,3
2466,2
13684,2
16660,1
12851,3
10029,1
14719,2
14015,2
18814,3
15042,3
14244,2
18989,2
8326,3
5337,3
14353,3
13647,3
2518,2
1064,2
11147,1
13781,1
1578,2
12116,2
6772,2
7071,2
1391,2
6184,2
10168,2
12628,2
13829,2
3673,2
1453,1
455,2
14989,2
5492,2
12177,1
7610,2
14071,2
12728,3
1315,2
8128,2
5155,2
1962,2
17431,2
3118,2
15450,3
18596,2
7293,2
17303,3
1390,2
10950,3
11604,1
6842,3
18519,2
11188,3
833,3
6983,2
15542,2
5778,1
15073,2
10180,2
5917,2
18384,3
6764,2
6284,2
8289,3
4287,2
12730,2
17640,2
2939,2
2979,2
1204,2
11396,2
18145,2
3131,2
12098,2
8064,2
16752,2
3434,3
16159,3
6735,2
16362,2
14386,2
7343,2
6438,2
7466,2
12884,2
18107,2
7312,2
12021,2
8718,3
11696,1
17634,2
15603,1
16884,2
2641,2
16239,2
2488,2
12879,2
1684,2
18977,3
13514,2
15935,2
10409,1
13736,2
2569,2
17973,3
15704,3
3601,2
11245,2
2468,2
5138,2
8405,2
3676,2
16148,3
267,2
5125,2
11947,1
216,2
6693,2
12450,1
23,2
15924,1
12981,2
10937,2
8120,2
4118,2
9531,2
9728,2
8621,2
16597,2
12489,2
1495,2
6913,1
5248,3
11637,2
6146,2
8129,2
5228,2
13406,2
17733,3
7280,2
2809,3
16114,3
15747,2
14082,3
16593,3
12495,2
16449,2
7809,3
8499,2
9026,3
3632,2
18482,2
6635,2
15094,2
1755,3
9181,2
10951,2
469,3
341,2
1934,2
14725,2
11038,2
12878,2
1201,2
1197,2
18601,2
19099,2
8805,2
7534,2
17933,2
13780,2
4271,3
5089,2
5623,1
16310,2
17233,3
4444,2
12890,2
14275,2
16270,2
13541,2
4845,2
16361,2
15714,2
11478,2
17680,2
1971,2
17440,2
4226,3
16068,2
15994,3
17127,2
15697,2
18986,3
6020,2
6059,2
3072,3
1120,3
13923,2
2978,2
9408,2
12424,3
8321,2
11848,2
865,2
11683,2
14458,2
10001,2
3373,3
1956,2
19062,2
18709,1
15091,2
17722,3
5759,2
15166,2
18280,2
1994,1
10546,2
2253,3
8639,2
6182,2
18705,1
12488,3
2801,3
1943,2
13093,2
7217,2
16194,2
15374,2
308,2
15815,2
2922,2
4984,2
4513,2
3230,3
6581,2
13381,2
18419,2
9008,1
8044,1
17355,2
285,2
7849,2
6655,3
1489,2
9956,2
4331,3
4138,2
69,2
15018,1
15466,2
1277,2
1205,2
17967,2
7043,2
3174,2
7829,1
4641,3
5986,2
12618,1
2590,2
9704,2
9291,2
9905,2
18130,2
1951,3
10824,2
16464,3
18409,2
10715,3
8836,3
16683,2
13658,2
18214,2
12549,2
5297,2
14685,2
6896,1
18994,2
17049,2
10478,2
17069,2
7137,2
13062,3
1129,2
7635,2
17387,2
10522,2
6345,2
16613,2
8108,2
9342,2
6425,3
9053,2
19016,3
4419,2
18749,3
11228,2
15724,2
4631,1
16277,3
1527,2
18461,3
1042,2
13579,2
3896,2
7847,2
22,2
317,2
92,2
10918,3
16913,2
287,3
13104,2
7950,2
18105,1
14081,2
2706,3
11911,2
17487,2
13825,1
2559,2
9109,2
12156,2
5501,2
12344,3
3296,2
17176,2
15280,2
18595,3
16984,2
9038,1
12553,2
5037,1
7889,3
16864,2
8958,2
13800,2
6835,2
1696,2
10414,1
14707,1
238,2
261,2
7118,2
333,2
13823,2
954,2
16167,2
11721,2
2967,2
16499,2
12763,3
15565,2
6353,2
2739,3
16377,2
3093,2
8560,2
5648,2
16755,1
10577,1
11869,3
18353,2
266,3
17032,2
12317,2
5865,2
12016,2
6223,2
12268,2
9104,2
10749,2
6900,3
12211,2
1085,2
3616,2
13757,1
8237,2
18029,2
3539,2
5602,2
3556,2
13905,2
4281,2
777,2
3743,2
13309,2
2792,3
5887,2
1624,1
10841,2
6919,2
4154,2
17128,1
9251,3
16013,3
4044,2
18702,2
18973,1
12983,2
7062,3
1559,3
15312,3
13200,3
14928,2
1475,1
7128,1
17704,3
15748,2
7971,1
11810,2
18567,1
17909,2
13865,1
16426,2
5974,2
7574,3
13435,3
12213,2
5484,2
17636,2
15864,2
2776,2
9323,2
12421,3
17999,2
13184,2
18530,2
18346,2
17191,1
2924,2
6944,2
15460,2
16209,2
5764,2
13912,2
14420,2
12170,1
15825,2
18874,3
836,2
9278,3
17580,1
16926,2
6021,2
10505,2
5959,2
13427,3
14828,2
14161,2
1702,3
16741,2
2863,3
3660,2
16066,2
9260,2
8946,2
3891,2
18133,2
16192,2
8244,1
2300,2
10330,1
2177,2
3740,2
11956,2
16265,2
15898,1
7836,3
4030,3
18204,3
3959,2
9959,2
7274,2
7800,1
10566,2
5481,2
18627,3
4531,2
4365,2
13234,2
2281,2
12663,2
1500,2
4860,2
5294,2
18101,2
98,3
7142,3
4719,2
7798,1
13594,2
8502,3
15671,2
3017,2
11399,2
17824,2
18931,2
8490,2
7426,1
18928,3
6827,2
1949,3
16571,2
13275,2
7823,2
16465,1
10574,2
7259,2
621,2
9056,2
955,2
18000,3
2082,2
18259,2
12106,2
8189,2
6385,1
13371,2
6657,2
4911,2
10085,2
4828,2
6568,2
1575,2
7147,2
14055,3
15076,1
14712,2
7359,3
14503,2
274,1
2189,2
14632,2
4593,2
2061,2
9600,2
18122,2
5085,2
10423,2
19046,2
12206,3
18104,2
3081,2
14057,2
7596,2
3361,2
5876,3
16586,2
2902,2
7378,2
10899,1
9431,2
18278,3
4736,2
12627,2
13521,3
6526,2
8520,2
18534,2
6737,2
165,2
16670,2
12527,2
9540,2
10726,2
2479,2
2821,2
2354,2
11599,2
10963,2
18019,3
4750,3
10129,2
2805,2
770,2
17209,2
10493,1
12389,2
4056,2
9981,3
7200,2
10389,2
6660,2
14658,2
10549,1
15175,3
3303,2
9464,2
10798,2
12169,2
11115,3
17374,2
13850,3
15672,3
8265,1
15577,2
9641,2
17926,2
14904,2
371,2
11887,1
552,2
986,2
11448,2
6909,2
17709,2
9651,2
14120,2
5,2
9860,2
14352,3
5379,2
9411,3
6988,1
5756,3
7120,2
14211,1
8433,2
17772,2
1400,2
7479,3
19106,1
13295,2
8152,2
4017,3
5835,1
5850,2
8275,2
16780,3
18664,1
16565,3
767,3
29,3
791,3
530,1
8386,1
4786,2
7985,3
13734,2
16255,2
16077,3
3297,2
11164,2
11031,3
5814,2
8470,2
6337,2
2254,3
8292,2
6419,2
7026,2
6132,1
9616,2
4150,3
12273,2
1989,2
13361,2
16156,2
5426,2
5976,2
9150,1
10993,1
3468,2
13108,2
1809,2
17684,3
13662,2
16562,3
15691,1
7650,1
811,1
7512,2
5877,2
13186,2
7215,2
11792,1
12392,2
5633,3
17379,2
16882,2
6014,2
2217,2
7881,2
75,2
13623,3
12539,2
13812,3
4931,2
7944,2
6242,2
6948,3
5783,1
4621,2
15908,2
15434,3
9774,2
2113,2
1180,2
7577,2
4508,2
5265,2
17766,2
17356,2
15022,1
12523,2
3350,2
2853,2
13957,2
18922,3
14228,3
9955,2
18112,3
6781,2
10871,2
17492,3
6197,3
11760,2
17083,3
9949,2
8182,2
2429,2
15104,2
12492,3
2852,2
8355,2
13173,1
8670,2
18329,3
11287,2
1997,2
11099,3
9909,2
12875,2
15762,3
12535,2
17361,2
13387,2
618,2
8866,2
14449,3
11814,2
2725,2
10295,2
16949,2
1443,2
17833,2
17614,2
1553,2
1122,3
17383,2
16179,2
16943,2
15966,2
6938,2
14440,2
11025,2
9331,2
15905,1
14949,2
13156,3
13933,2
9692,2
6122,2
4534,3
8794,2
1268,2
3776,2
10834,2
7654,2
3086,3
3531,2
13947,2
4407,1
5486,3
18555,2
9036,3
10150,3
6367,2
18539,1
3735,2
8599,3
2100,2
5785,1
2825,2
10403,1
2248,3
415,2
12786,2
9358,3
15780,1
12068,1
15454,1
13697,1
1595,2
8705,1
18906,3
7454,2
4721,2
14182,2
11538,2
9833,2
6455,2
17162,2
10776,3
7723,3
13388,2
13831,3
3533,2
5424,2
8579,3
4267,2
6202,2
12263,3
15322,3
7219,1
16234,2
1298,3
2810,2
4920,2
3389,2
8255,2
11479,3
10383,2
9350,3
8966,2
2292,2
9993,1
4213,3
14292,2
12791,2
11713,3
7940,3
16299,2
18855,2
14903,2
5119,2
4853,2
14319,2
11463,2
17898,1
13292,2
15281,2
9847,2
13819,2
5333,2
11851,2
3543,3
457,2
8852,2
13761,2
1798,2
15643,2
3936,2
1327,2
3928,2
5338,2
10074,2
8940,3
7538,2
4891,1
13187,3
16861,2
4542,3
888,1
3948,2
12030,2
1899,2
11582,2
2714,2
1765,2
16350,3
15233,1
9650,2
6298,2
13350,1
7170,1
1302,1
2164,2
11528,2
11432,1
2670,2
3569,2
11753,1
4804,2
630,3
16692,2
8545,2
8894,2
15133,1
3822,1
1647,2
4362,2
7374,3
18315,2
10510,2
4058,2
5237,2
5863,2
7602,2
5616,2
16852,3
6517,2
4185,2
6593,2
7379,2
17994,2
7898,2
9466,2
6428,2
2690,2
2187,3
16394,2
4357,2
17198,3
6759,2
9090,1
7656,2
8071,2
12639,2
7231,2
2851,2
19092,2
10823,3
13460,2
2205,2
180,2
9619,2
11999,2
15141,3
5172,2
12479,2
4145,2
17702,2
4054,2
425,2
9450,2
16257,2
3079,2
6380,2
579,2
2691,2
1071,3
228,3
2184,2
6624,2
2954,2
5220,2
13762,2
6176,3
11391,2
16128,2
3564,1
17843,2
1683,3
13470,2
17120,3
14796,2
7491,2
5358,2
10226,2
8608,3
3621,2
10162,2
11961,1
1601,2
2552,3
11462,2
17922,3
17750,1
12155,2
10785,2
13567,2
781,2
916,2
18930,1
4572,2
1654,2
17936,2
9273,2
3023,2
2365,2
6023,2
9549,3
2592,2
18598,3
4083,2
550,2
10879,1
10419,2
10316,2
16131,2
11711,2
4747,2
18604,2
936,2
9676,2
16770,2
2813,3
9764,2
4278,2
2483,3
15471,3
3850,2
9664,2
166,3
18378,2
11747,2
6247,3
9295,2
1496,3
18324,2
8828,3
6923,3
11870,2
2325,2
6625,2
8593,2
5904,2
18018,2
3063,2
10178,2
17685,3
6629,2
17559,1
17721,2
13680,3
7450,2
14727,2
6327,2
11558,1
1149,2
10281,2
71,2
18570,3
8039,2
18351,2
9322,1
18374,1
7321,3
17422,3
2581,2
6251,2
10381,2
7887,2
8449,3
4470,2
7570,2
3879,2
8230,3
13114,1
14736,1
1583,2
11657,3
5723,2
11964,2
157,2
10757,2
13125,2
8963,3
11275,2
13790,2
928,2
15992,2
12594,2
9102,2
13746,2
788,2
3672,2
14671,1
7056,2
3410,2
1968,2
11280,2
15570,3
8141,1
16789,3
9939,3
7129,2
15840,2
513,2
773,1
17210,2
8098,2
4156,2
2977,2
3425,2
13263,3
13770,2
7718,2
3669,2
6866,2
1689,2
2432,2
6786,3
10351,2
10428,3
2336,2
16609,2
18423,2
8554,2
13633,2
15457,2
15035,2
12358,2
15534,3
14216,2
796,2
16840,2
3825,1
6200,1
5909,2
2343,2
8654,2
17600,2
17864,1
1096,2
18057,1
8043,1
14771,2
4236,2
8555,2
15829,2
727,2
1913,2
14580,2
15419,3
2794,2
16438,2
4871,2
17701,2
7363,2
2556,2
17452,2
10198,3
16671,3
7544,2
6812,2
18084,2
17930,2
6234,2
549,2
11284,2
18165,3
3702,2
7895,2
7351,1
7746,3
15977,3
10292,2
5162,2
14225,2
1801,3
1004,2
6246,2
4642,2
11788,3
1587,3
6554,2
10553,2
10914,2
2206,3
1273,2
3036,2
14093,2
15052,3
12815,2
10114,2
17051,2
3675,2
17277,3
8793,2
12031,3
10284,2
17904,1
1199,2
14757,2
11119,3
17514,3
3718,2
16594,2
2350,2
18799,2
16845,2
3808,2
5957,2
1292,2
14819,3
9184,2
18711,2
10888,2
3624,2
3007,2
13005,2
18997,3
10736,3
1284,2
12085,2
9269,2
7845,2
15425,2
15667,2
6277,2
10495,2
15888,2
18442,3
11548,3
4783,2
1560,2
14296,2
11051,2
15685,2
15236,2
14976,2
3269,2
12318,2
18635,1
9313,2
2460,2
1967,2
731,2
11932,2
2335,2
13564,2
1577,1
9700,3
9618,2
15323,3
18276,2
16081,2
13570,2
81,3
15378,2
11468,2
3412,2
12668,3
3121,1
11877,1
18685,3
5072,2
1374,2
484,2
14088,3
16202,2
15246,2
10586,2
14955,2
4938,3
4540,3
9778,2
545,2
578,3
10816,2
13144,3
13875,2
17531,2
13325,1
10425,2
8951,2
10580,2
3493,2
19053,1
18234,2
5765,2
5517,2
15582,2
5950,2
8264,3
1829,3
5883,3
464,3
17700,2
5781,2
7526,1
15557,2
8354,2
6123,2
17789,2
16996,2
4697,3
14938,3
5032,1
17886,2
5260,2
866,2
13898,3
11158,2
6665,2
4622,2
17444,3
18666,2
1648,2
18594,2
2878,2
12087,2
13738,2
12442,2
1111,2
18304,1
16822,2
1229,3
5558,3
15660,2
7797,2
7848,2
3173,2
3642,2
4102,2
10384,2
14037,2
10783,2
4140,3
6278,2
2783,2
8533,2
16874,1
17002,2
12673,1
14266,2
7068,2
13419,2
459,2
15444,2
2067,2
16316,2
8688,2
18231,2
664,2
11793,2
17676,3
12473,2
16084,2
13982,2
16583,2
14314,2
12327,2
18090,3
8539,2
15757,2
11653,1
6331,2
3281,2
13079,2
14741,2
3377,2
12669,2
6358,2
7600,2
8054,2
3512,2
12209,2
4964,2
9874,2
6872,2
11124,2
485,2
12923,1
7801,2
16756,1
15963,2
18970,2
10306,2
18611,3
3196,2
11786,2
6136,2
13929,2
2383,2
16808,2
2208,3
8747,2
7167,3
18505,2
3646,2
4954,1
3923,2
15314,2
9206,2
10563,2
2203,2
4956,2
838,2
16074,2
18908,1
6652,2
12049,2
10700,2
15319,2
3037,2
7784,2
12279,2
19078,2
5526,3
4650,2
13076,3
18075,3
6855,2
4649,2
2458,2
13117,2
4163,2
9040,1
4493,2
1965,3
879,2
12301,1
4376,2
17447,2
11156,2
925,2
3633,2
16956,2
1068,3
11708,3
12020,2
13639,1
11423,1
11843,3
14521,2
15196,2
16814,2
9602,3
11040,2
9812,3
851,2
11194,2
6534,2
1840,2
11234,2
8488,1
4563,1
15107,2
11409,3
8221,2
2745,2
3438,2
13422,3
8500,2
3272,2
6538,2
12624,2
18514,2
16873,1
11116,2
1446,3
13584,2
12163,2
17950,2
660,2
2475,2
5686,2
2218,2
15372,2
13391,2
11735,2
16592,2
9351,2
4162,2
9214,2
2083,2
2459,2
3308,2
11920,1
19075,2
364,2
18462,3
9972,2
8541,2
14068,2
14452,1
15237,2
16275,2
19097,2
9543,2
15214,1
4389,2
17080,2
18,2
14183,2
8710,2
1175,2
3643,2
10526,2
17221,2
17108,2
1800,2
10904,2
2320,2
9042,2
15620,3
5140,3
5350,2
10772,2
11602,1
5746,2
2297,3
12880,2
6384,2
13174,2
8650,2
3441,3
8363,2
9343,1
11218,1
14000,2
2003,2
9474,2
2579,2
14004,3
9215,2
8627,1
11128,3
15061,2
13949,3
15571,2
12384,2
13369,3
6116,2
18427,2
14422,2
15824,2
6155,3
17540,3
5750,2
8546,2
15960,2
4239,2
3509,2
12062,2
11756,1
14557,2
11974,2
11603,1
589,2
16712,2
16772,2
13161,2
1869,2
3267,2
9732,2
8636,2
17516,1
11292,3
12228,2
5622,3
18416,2
16108,3
15012,3
12725,1
9201,2
5483,2
6459,2
5603,2
2178,3
3227,2
3279,2
18679,2
2647,3
19002,2
17338,3
8310,2
1376,2
1183,2
1935,2
15294,2
5763,2
1012,2
1628,2
1143,3
6469,2
8092,2
18958,3
10892,2
6287,2
5276,3
18190,3
13589,3
11087,2
1618,3
11776,2
4523,3
12352,2
5545,3
9721,2
3184,2
10803,2
8251,2
2079,3
4669,3
5813,3
2141,3
8121,2
479,2
314,2
7097,2
11470,3
14986,2
5141,3
11267,2
1259,3
1449,2
11090,2
13363,2
16400,2
7356,3
13057,2
7960,1
14534,2
11093,2
12321,2
6157,2
4110,3
13566,2
1172,2
9729,2
11250,2
16428,3
9399,3
15808,2
13329,2
14635,2
8319,2
7549,1
7630,2
11178,2
12519,2
16207,2
373,2
3226,2
7905,1
5796,2
3163,3
15388,2
11726,1
487,2
7969,3
11939,2
17137,2
8214,2
6074,3
18144,2
14439,2
18593,1
9441,2
17913,3
15586,3
4487,2
14491,3
6701,2
16050,2
14878,3
2016,2
50,2
4935,2
3461,2
7073,3
16203,2
1160,2
14833,2
18697,2
6776,2
1367,2
12316,2
12278,2
472,2
4784,2
1161,1
1323,2
17622,2
4648,2
951,2
1478,2
7878,2
97,2
9914,2
16392,2
7290,2
16233,2
3020,2
15432,2
14114,3
1165,2
10509,2
8365,3
15659,1
7419,1
5703,3
3783,3
18886,2
10606,2
594,2
2985,2
11540,3
4888,2
17597,3
13192,3
9194,2
16184,2
12409,2
5868,2
7087,1
10696,2
12683,2
18466,3
1799,2
1586,2
73,2
13124,2
12417,1
2665,2
1948,2
548,2
1141,3
18927,3
3112,3
9004,2
10055,1
4842,2
15521,2
10755,2
1542,3
12858,2
10152,2
17801,2
3488,1
16797,2
12849,2
11674,2
14532,3
12530,2
382,2
8814,1
3453,2
1762,2
12607,2
1366,3
1709,2
9991,1
9402,2
14050,2
9157,2
5110,3
10697,3
13212,2
15264,2
16421,3
13925,2
18978,2
3330,2
16682,2
1998,2
18724,2
13614,2
58,2
369,2
5996,2
5151,2
10560,3
9801,2
7367,1
3284,2
4051,2
4348,2
8358,2
6749,3
5803,1
9158,2
430,1
2664,2
2519,2
9856,2
9697,2
3575,2
12199,2
18907,3
8877,3
5645,2
12533,2
2276,3
7992,2
15332,3
10347,2
7305,2
3893,3
15497,2
4375,2
11052,2
7876,2
3574,3
11367,2
12558,2
18494,2
7875,2
17241,2
5592,3
17784,2
12176,2
16297,3
10598,2
840,1
18652,2
6696,1
1682,2
8694,2
8072,2
11294,2
15890,2
9882,2
18774,2
11875,2
7029,1
18109,3
6975,2
4818,2
939,2
12961,2
8466,2
9208,2
9126,1
18471,2
6066,3
8461,1
14562,2
10768,2
8227,2
2736,2
8036,1
16112,3
4827,2
11041,2
17096,2
7415,2
11989,2
13808,2
1017,2
5989,2
18737,2
18151,2
3202,2
3678,3
12380,3
5777,1
3402,2
1888,2
7547,2
3553,2
17010,2
5725,2
14065,1
3996,2
18491,3
240,3
10641,2
2614,2
16232,2
9276,2
11954,3
1289,2
17837,2
5446,2
2982,2
3532,2
5378,2
14293,1
9873,2
18350,2
12193,2
12609,3
17027,2
2347,2
6590,1
15147,2
12966,3
13773,2
2771,3
14593,2
1227,2
7613,3
5666,2
11619,2
10842,1
4511,2
8761,2
16097,2
8315,2
11301,3
16132,2
6440,1
16306,2
18015,3
15335,3
12613,2
15220,2
14931,2
10758,2
18620,2
1546,2
6979,2
8770,2
10021,2
7532,3
17571,2
16358,2
18506,2
3055,2
16986,2
268,2
7625,3
6566,2
1890,2
876,1
3258,2
785,1
9854,2
2583,2
16323,2
13597,2
1380,2
18746,1
2235,2
11844,3
3340,2
4667,2
133,1
11750,1
5299,2
14560,2
3090,2
10200,2
7551,2
12070,3
5701,2
18235,2
5955,2
11034,2
112,2
14094,2
18094,2
7967,2
801,2
1910,3
18532,2
15976,3
14252,3
4582,2
3875,2
10519,2
9127,2
10956,3
1732,2
11912,2
9143,3
3125,2
7857,2
17212,1
17047,2
7753,2
12687,1
1789,2
14531,2
380,2
2471,2
12229,2
3766,2
909,2
12501,2
3839,2
9748,2
13772,3
9477,1
9844,1
6885,3
14864,1
17807,2
10808,1
3814,2
9299,3
1769,2
4434,3
4437,2
3443,2
3537,2
18793,3
2020,2
4237,2
129,2
16524,1
15988,2
1361,2
10665,1
10043,3
11302,2
12227,2
15170,3
11473,2
2337,1
4906,2
5102,2
2127,3
17058,2
12864,2
16415,2
12261,2
18866,2
14025,3
13655,1
15769,1
10207,2
6444,2
4492,2
5325,2
10303,2
426,2
3966,2
875,1
4950,3
14152,2
12012,2
11293,2
5896,2
18883,3
10160,2
11196,3
4716,2
3012,2
10155,1
5188,2
16978,2
6140,2
10712,2
9590,2
8065,3
11606,1
5043,2
10629,2
7264,3
11271,2
13939,1
18712,3
12368,2
13598,2
16518,2
8571,2
454,2
17270,3
12752,2
6106,3
17429,2
5907,3
11512,2
4338,2
1953,2
12025,2
15906,1
15482,2
13176,3
15758,1
14980,2
17087,3
15456,2
12695,1
7059,2
16095,2
10927,2
1767,2
9666,2
11422,2
10071,2
7381,2
7108,2
14867,1
9239,2
9831,2
14591,2
724,2
5851,3
31,2
12015,2
15765,1
15161,1
1133,2
15694,1
1555,2
9161,2
18200,2
18067,2
147,2
7396,2
7260,2
13000,2
16337,2
5455,2
1576,2
10133,1
9867,2
11231,2
12950,2
8915,3
18335,2
11915,3
2339,2
9706,2
17981,1
8201,1
5598,2
1567,2
9965,2
1265,2
5118,2
5524,2
4722,2
5044,3
17491,3
13425,2
137,2
4109,3
9193,1
9756,2
16679,3
13827,1
11589,2
18313,2
9392,2
6018,2
17082,3
10183,2
15387,2
8339,2
9605,2
17616,2
15836,3
3971,2
4792,2
8453,2
8094,3
17682,2
13479,2
6416,2
5113,3
8051,2
6127,2
12606,2
2161,2
16534,2
12710,2
16905,3
4686,2
13152,2
12547,2
10648,2
18536,2
6741,2
5410,2
13083,2
10062,2
10703,2
10698,2
12529,2
16185,2
7776,2
8689,2
6312,3
12727,2
8002,1
6925,2
17726,2
14665,2
6479,1
4351,1
9465,2
4837,1
3773,3
17050,2
250,2
5810,2
11495,2
779,2
10865,2
5396,1
83,2
12216,3
14500,2
7961,1
612,2
16713,2
765,2
6285,2
7304,1
16555,2
13581,3
10475,2
4877,1
4394,3
4880,2
10136,2
14952,2
18632,3
9957,1
8726,2
6985,2
5081,2
2166,3
5324,3
118,1
2755,2
9954,2
13164,3
18013,2
1231,2
10465,3
13389,2
9752,2
18510,1
5963,2
8566,2
18116,3
14489,3
16653,2
6936,2
10473,2
14588,3
9378,1
15629,2
8024,2
14206,2
5144,3
4081,2
1538,2
2268,2
7855,2
10512,2
475,2
14246,2
17505,2
4264,2
17830,2
10852,2
1036,2
14343,2
7350,1
9830,2
2640,2
18459,2
16656,2
16261,2
10839,2
5699,2
5977,2
17090,3
16771,2
11901,3
1872,2
9695,2
13271,2
6347,2
11406,2
4027,1
8927,3
9922,2
4652,2
5869,2
6205,2
4344,2
11914,3
11680,2
18110,1
780,3
10443,3
3302,2
10548,2
4136,2
9203,1
14646,3
11122,2
4608,3
4129,2
12945,3
11375,2
6955,2
13820,2
10104,1
5399,2
18897,2
381,2
9529,2
16760,2
14305,1
3998,2
4258,3
316,2
2632,1
4803,2
5717,2
10239,3
5902,2
19066,3
18241,2
1517,3
5948,2
8424,2
2908,2
10716,1
18909,2
18524,3
718,2
3919,2
19004,2
9560,3
8282,2
14815,2
4955,2
11878,2
17760,3
5352,2
12060,2
12334,3
13803,2
12386,3
18369,2
12362,1
744,1
18690,3
17987,1
6301,2
161,3
17947,2
6645,1
1257,2
19039,3
3958,2
8509,2
1083,2
2740,2
7123,1
10774,3
12257,2
17969,2
9855,2
10004,2
18905,3
15866,2
17530,2
15003,2
4356,2
4211,3
11817,2
10908,2
18226,2
11804,2
1708,2
14124,2
18925,3
11517,2
17918,2
3747,2
1830,3
3480,2
2273,2
2892,2
8408,2
17231,2
4369,2
12675,3
4276,2
12064,2
11840,2
6046,3
18551,2
13028,2
11998,3
18254,2
15188,2
18900,2
10513,2
10488,2
15081,2
5769,2
2702,3
16343,2
15113,2
7126,2
10739,3
11449,2
18638,1
11373,3
1338,2
18619,2
10358,2
4915,2
1153,2
13716,2
11845,2
6009,2
10485,1
713,2
5387,3
1887,2
9051,3
743,2
13055,2
7333,1
641,3
14457,2
10195,2
8739,3
12194,2
8904,3
10607,2
2031,1
674,1
11137,1
16248,3
14977,3
5771,2
2059,2
15863,3
12800,2
9294,2
16818,2
17223,2
11533,2
18948,2
715,2
2165,3
6179,2
14268,3
799,1
6437,3
11777,1
4349,1
7816,1
11749,3
13252,2
18447,3
7805,2
10179,2
8898,3
2048,2
3398,2
14136,2
11644,2
8464,1
11332,2
1482,2
7088,1
3305,2
11270,2
5001,2
16598,2
14657,2
12057,2
10827,2
7024,2
17574,2
8014,1
13631,2
6015,2
4283,2
7160,3
13282,2
7624,2
12359,2
8471,3
13178,2
14663,3
2493,2
9937,3
3115,2
17823,3
8606,3
3318,2
10334,3
9598,2
816,2
10388,2
12586,2
12369,2
17771,2
10054,2
17819,3
12876,2
2026,2
6274,2
8972,3
10791,1
11741,2
1782,3
14879,3
11264,2
7227,2
14919,3
3499,2
12371,2
14925,2
56,2
3207,3
650,3
538,2
3769,2
7322,2
6957,2
10530,2
2481,2
9682,1
9832,1
11152,2
13718,2
427,2
8079,2
7452,2
14373,2
2724,3
13588,2
14806,2
11635,2
14966,2
8534,2
7915,1
11365,1
2760,2
15006,3
9842,2
7361,2
18256,2
10528,1
16946,2
6470,2
11401,2
16788,3
3598,3
2513,2
1381,2
15989,2
14660,2
1244,2
5575,2
13914,3
3845,1
18537,2
13219,2
13871,2
5621,3
4498,2
3837,2
7181,1
13157,2
4913,2
14036,2
13261,2
6130,2
10538,2
13438,3
12746,2
9274,3
17039,2
15695,2
17415,2
18206,3
3824,2
813,2
7473,2
786,3
172,2
14402,2
14609,3
2650,2
17092,2
18201,3
5772,2
11211,2
619,2
9272,2
13551,2
107,2
4815,2
1169,2
17521,2
273,3
9677,2
2549,3
18951,2
8421,2
4654,1
17753,3
5903,2
15995,1
4431,2
9044,1
3523,2
3190,2
7368,1
17786,2
18876,2
5364,2
12790,3
6196,3
9472,1
4319,1
7891,3
11217,2
3109,1
3113,2
9973,2
8570,3
16742,2
11111,2
6114,2
1492,1
14887,3
5981,2
8420,2
11198,2
12161,2
7357,1
5344,2
17373,3
18292,3
11616,2
3462,2
10045,2
11229,2
13439,3
12700,3
8076,2
3095,2
16500,2
8233,2
6134,2
11935,2
6632,2
1340,2
12582,3
1416,2
18141,3
17666,3
9301,2
9030,2
8845,2
10967,1
1740,2
6753,2
15134,2
5298,2
4259,2
7986,1
13968,2
8965,2
4709,3
5729,2
17649,2
11141,3
9839,2
19014,1
18429,2
15686,2
4422,2
1408,1
10355,1
16456,2
4291,2
651,2
13817,2
2788,2
13615,3
3649,2
10193,2
6990,1
2631,2
10929,3
1333,2
3492,2
16385,2
4862,2
16541,2
152,2
13098,2
2009,2
15928,2
11783,2
12224,1
15682,2
9383,2
17535,2
6583,3
7747,2
10127,3
4039,2
9217,2
18468,2
15288,2
18132,3
5606,2
10397,2
9698,2
12568,2
18309,2
4777,2
8411,2
14787,2
16429,2
17866,1
10064,3
15054,2
17775,2
5544,3
16912,1
10814,2
18261,3
10602,2
4889,2
13459,3
4732,2
8171,2
8733,3
34,3
2405,3
11315,1
2769,3
2673,2
11879,2
12044,1
17813,2
18894,2
15699,2
14984,3
1051,3
122,2
2900,2
5214,3
12985,2
18406,1
13994,1
10925,2
6970,2
18421,2
6790,2
14974,1
8902,2
1894,3
8322,2
15431,2
8217,1
8515,2
10143,2
2829,3
687,2
13017,2
6755,3
5696,2
18872,2
11790,2
14191,2
18945,2
15316,2
1520,2
13683,2
10635,1
6514,3
2733,2
2527,3
436,2
16314,2
14686,2
11060,2
10048,2
14848,1
16063,1
2190,2
9131,2
13025,1
16630,2
1523,3
3440,2
8551,2
12881,2
17070,3
4505,3
9665,1
15857,2
12814,2
4100,3
1812,2
3168,2
15424,3
8910,2
14543,3
12210,3
4435,3
16260,2
4646,2
5528,2
14910,1
11262,2
198,2
1964,3
6721,3
2659,2
10740,1
5993,2
7421,2
12187,2
16146,3
17563,3
3181,2
15826,2
3683,3
14728,2
6648,2
5849,3
6421,2
8945,2
2359,1
15017,1
17161,2
6270,2
3286,2
5487,3
17641,2
5668,2
14905,2
13866,2
19032,2
9656,2
15179,2
15398,2
5802,2
361,2
159,3
16264,2
3661,2
16193,2
13382,2
471,2
10255,1
11886,1
11802,2
13980,3
17283,2
3043,2
18961,3
17890,2
12955,3
12349,1
4393,2
7572,2
5377,2
10327,2
6003,2
9705,2
9911,2
868,2
4794,2
18437,2
11017,1
2727,3
2452,2
10948,2
11648,2
17054,2
3930,2
13412,2
16502,2
6065,3
1086,3
669,2
11241,2
12046,2
3345,2
8648,2
5441,2
10751,2
1473,3
18962,2
17099,2
14478,2
932,2
6401,2
2264,2
4591,2
13109,3
6171,3
5719,2
12583,2
8099,2
17549,1
3707,2
16040,2
7728,1
13530,2
1039,2
5413,1
10011,3
10568,2
17486,2
17042,2
270,2
4316,1
16448,2
12269,3
5129,2
686,2
8172,2
8536,2
8290,2
5751,2
4975,2
7937,2
16432,2
8304,2
11441,3
12972,3
10442,2
3899,2
12764,3
6783,2
17287,2
8641,1
2239,1
6736,2
5281,2
7176,2
3203,2
8070,2
14312,1
16846,1
17919,2
18784,1
7058,3
16122,2
5539,2
18268,2
11906,1
10506,3
13842,1
3635,2
13951,3
11765,3
5791,2
7584,2
12157,2
7210,2
19026,2
11885,2
8584,2
12692,2
18542,3
4824,2
10171,3
12848,2
17350,2
8493,2
11977,1
3617,2
8879,2
10092,2
13731,2
13616,3
9,2
15927,2
12144,3
4825,2
8619,1
11069,2
6658,2
1102,2
7342,1
17451,2
167,2
9041,2
14740,2
583,2
13066,2
11151,2
6601,2
2318,2
2888,2
11738,2
18815,3
10031,1
587,1
708,2
9006,2
6602,3
15819,2
8047,3
17966,3
15736,2
18279,2
5329,2
9761,2
15827,3
12916,2
1493,2
2465,2
15011,2
10595,3
8922,2
2617,2
15189,1
3165,2
10020,2
13512,2
7806,1
3593,2
4189,2
16267,2
3666,2
15485,1
5776,2
6326,2
13848,3
13210,2
3691,2
17573,2
1245,2
10371,3
1824,2
11798,2
17377,2
11876,2
4244,2
6705,2
1089,1
12374,2
18483,3
13528,3
10954,2
790,2
3835,2
8414,2
8572,2
6476,2
10175,3
14711,1
2236,2
18379,2
15328,1
5923,2
8704,1
5548,2
15547,1
8245,2
13878,1
13651,1
11506,2
16513,2
16353,1
994,2
11564,2
413,2
2635,2
5322,2
18169,2
13603,2
17929,2
4589,2
5229,2
4895,2
16105,2
13730,2
5117,2
4943,2
5900,1
8720,2
11084,2
11021,3
17974,2
10471,2
7803,2
12750,2
4969,2
5792,2
8134,2
16862,2
18149,2
5790,2
5698,2
18323,1
3957,2
7055,2
7031,2
6685,2
11063,2
19010,2
16833,2
1222,2
14766,2
12271,2
9130,1
13661,2
14445,2
6465,2
13349,3
15115,1
5284,2
5031,2
18717,2
2685,2
17401,2
13481,2
3554,3
462,2
13595,2
4705,2
10640,3
17644,3
14336,2
15710,2
12925,3
7659,2
11807,2
8872,1
18452,2
5758,3
522,2
18967,1
11005,3
9727,2
14916,2
4234,2
17519,2
16870,2
12241,1
15435,2
2899,2
6986,1
11980,3
14201,2
701,3
3250,2
5269,3
2593,2
5222,3
9765,2
453,2
2270,2
9750,2
1393,2
4532,2
8590,2
11230,2
745,2
12739,2
6876,2
6017,2
7769,2
12982,2
10204,2
2421,2
10862,2
5538,2
16360,2
13562,2
1121,3
14076,2
12933,3
12907,2
4280,3
14410,2
7616,2
4245,3
6449,1
14169,2
3157,3
1537,2
2571,2
17468,2
2742,2
10670,1
668,2
12855,3
6641,2
10880,2
11584,2
4462,2
12943,2
15352,2
18248,2
585,3
17755,1
18582,3
15070,1
3847,1
2394,2
12067,3
4436,2
15105,2
8591,2
14526,1
8443,1
8955,3
8899,3
12930,3
15948,2
9550,2
10847,2
12978,2
8568,3
2314,2
9405,2
4130,2
18103,2
14923,2
16723,2
12656,3
16029,2
8477,2
14178,2
6356,1
16596,2
13193,3
7433,2
6633,3
3285,2
4086,2
17392,2
6033,2
1572,2
16295,2
15588,2
6178,2
17428,2
17295,2
2634,2
12640,2
10885,2
3976,3
10893,2
803,2
14941,1
12382,2
391,1
17442,3
14765,2
12102,2
15821,2
2891,2
1928,2
12508,1
10395,1
18153,2
8531,2
2096,2
3786,2
6461,2
6843,2
16925,3
9379,3
9533,2
3060,2
9702,2
13788,2
17150,2
4524,2
10174,1
1626,2
1844,2
114,2
17681,2
18780,2
6072,3
3314,2
9809,2
16373,3
13846,2
16976,2
5752,1
7909,2
14204,2
6343,2
2505,2
12183,3
16902,3
8813,1
4250,2
18913,2
2758,3
3855,2
18863,3
3507,1
17647,1
12415,3
18269,3
13359,2
12579,2
227,1
16778,2
3857,2
13804,2
14624,1
8323,2
14608,2
16866,2
439,2
17359,2
11552,2
328,2
11744,2
15951,2
12097,2
15560,2
1699,2
10379,2
10077,2
834,3
11787,2
18181,2
4659,2
16006,2
9370,2
7063,3
11662,2
3524,2
14463,3
11789,2
16826,1
15854,2
4609,2
13547,2
5906,2
9426,1
2437,2
11467,2
18771,3
6993,3
2895,2
1738,3
16776,2
17931,2
14936,2
15590,3
15185,3
1992,2
9451,2
14223,2
16493,1
10521,2
17839,2
13563,3
11419,2
9160,3
15371,3
12820,3
18072,2
18725,2
13920,3
8749,2
18887,2
12439,3
10819,3
16276,3
7168,2
3126,2
6695,3
4171,2
2346,2
3565,3
2280,3
2874,2
2521,2
1847,2
18617,3
8798,2
956,2
16498,2
8336,2
16145,1
14972,2
4084,2
6922,2
17731,3
9790,2
1678,1
6691,2
3750,2
4352,3
5949,1
492,2
1262,2
1786,2
14716,2
9359,2
2181,2
3198,2
1556,3
13130,2
8912,2
11248,2
2854,3
17667,2
15934,2
5164,2
8205,2
5250,2
6848,2
1093,2
277,3
14948,2
4823,2
7324,2
18540,2
11965,2
15071,2
13121,2
4309,2
15410,3
16378,2
18938,2
11631,3
14362,2
11314,2
7580,2
6107,3
11330,3
6752,2
6530,2
14997,2
16399,2
16732,2
7320,2
12959,2
3153,2
2117,2
3129,2
2214,2
18501,2
2898,2
4046,3
15687,3
8413,2
18328,1
14690,2
16079,2
11572,2
13739,2
10225,3
5757,2
774,2
7684,2
6080,2
4679,1
18264,3
17217,2
9825,2
1162,2
13345,2
16466,2
3287,2
6987,1
318,2
17314,1
3764,2
3436,2
4292,2
19008,1
1130,2
11157,2
14109,1
15858,2
11862,2
11990,2
12365,1
7075,2
15501,3
11435,2
1690,2
5189,2
9987,3
8380,2
17105,3
938,2
14375,2
4335,2
4907,2
14195,1
17119,3
14990,2
16505,2
13430,2
5016,2
16966,1
15723,2
7095,2
11295,2
16368,2
5084,1
17172,1
3249,2
13180,2
1665,3
9013,2
496,2
3225,2
16468,2
825,1
14304,2
13727,2
12862,2
18457,3
874,2
15916,3
17414,2
12905,2
4175,2
5662,2
7821,2
9341,2
7221,2
9159,2
9936,2
5422,2
16665,2
1933,3
4937,2
1725,3
6375,2
16022,2
11764,3
15726,2
17978,3
7932,2
18213,2
1027,3
16480,3
15361,3
9115,2
19071,2
8455,1
9890,2
11988,3
18605,3
15159,1
14043,3
16896,3
4112,3
17019,2
12346,2
974,2
12616,2
1510,2
13050,2
4293,2
17316,2
12412,2
6450,2
11200,2
7358,2
15987,2
13988,3
13955,2
16007,2
14678,1
7859,2
4526,3
17409,3
7053,1
632,2
8246,2
10153,3
7244,1
8685,3
5403,2
12017,1
11936,2
4696,2
2844,2
14085,2
19054,2
989,2
6292,2
2679,2
7504,2
16761,1
12141,1
10027,2
7319,3
5463,3
8727,2
3059,2
11162,2
934,2
15143,3
16879,2
2086,2
10623,2
1300,3
15689,2
8017,2
16271,2
19000,3
6302,2
4279,3
12970,2
2951,2
1278,2
5436,2
4294,2
138,2
13950,3
21,1
1324,2
14718,3
2062,2
2947,2
6588,1
15442,3
10051,2
8984,3
4229,3
7593,2
4133,2
16810,3
4176,2
13251,2
3439,2
18262,3
8138,2
18497,2
3307,2
1886,3
17437,2
374,2
290,2
6796,2
4917,2
3456,3
12123,2
1543,3
4961,2
2324,2
942,1
2293,2
9901,2
13962,2
9604,2
11975,2
10482,2
12723,2
4660,2
5654,3
11175,3
17079,2
14914,2
17170,2
9932,2
16435,3
4077,2
15465,1
15491,1
13013,2
7978,2
13688,3
953,3
7612,2
4928,2
11481,3
2147,2
4484,3
7772,1
1439,2
7287,1
18299,3
11545,1
14335,1
1134,2
10199,2
6743,2
18983,2
402,3
8857,3
12047,3
17456,2
8905,2
11444,3
16705,2
3842,2
1693,2
15116,2
11221,1
370,2
12996,2
3228,2
6795,2
18509,1
4683,2
2081,3
10154,2
5874,2
7607,1
17548,3
9005,2
13940,2
6057,2
13653,2
18183,2
7655,2
5259,2
8834,1
17696,2
13852,2
9766,2
2582,2
2090,2
2601,3
10877,2
16224,2
14767,3
12127,2
9348,3
13247,2
11192,3
2137,3
12142,2
4791,2
7005,2
18607,2
3662,3
5373,2
18137,2
11508,2
12912,2
6357,2
5540,2
9815,2
7164,2
7492,2
15027,2
16280,2
12581,3
2877,2
1079,2
5193,3
14682,2
9507,3
4854,2
8799,2
16744,2
16042,3
5824,3
15756,2
4614,1
17360,2
13431,2
1103,3
4584,3
18311,1
10980,2
12262,3
5828,2
6555,2
419,2
1822,1
10291,2
12975,2
12516,3
17390,3
5472,3
17000,3
1407,2
12366,2
15487,2
3627,2
9886,2
3941,3
7352,3
10874,2
3933,2
3294,2
15289,2
443,2
5988,2
17496,2
18952,3
10034,2
12566,3
14817,2
123,2
16444,2
4727,3
15574,2
18757,3
4007,2
14303,2
18693,2
10366,1
1743,3
3463,2
1471,2
8967,3
9480,2
14590,3
5201,2
9332,2
877,2
9061,2
10732,2
5684,2
11442,3
12007,3
8846,2
10503,2
3777,2
1694,2
19086,1
8262,3
15376,3
2352,2
17473,2
2729,2
12735,2
15193,2
3094,2
7411,2
3210,2
18445,2
15464,2
2937,2
5176,3
5357,2
18171,2
13426,3
12433,1
2223,3
13877,3
1859,3
13092,2
5497,2
12918,1
3393,2
4991,2
1955,2
9022,2
2373,2
8971,2
7560,2
18404,3
11645,2
254,2
11665,2
11626,3
586,3
9845,3
6849,2
0,2
6921,2
5215,2
5507,2
6032,2
9400,2
1946,3
6314,2
2182,2
3431,2
1908,3
18222,3
7799,3
5159,2
6049,2
4923,2
7154,3
8513,2
4305,2
14505,2
2448,2
8819,1
14649,2
4355,2
15030,2
241,2
4439,2
5882,1
5279,2
10336,2
16397,2
6273,2
9808,2
19036,1
18750,2
15772,3
15618,2
8059,2
9243,2
10851,2
5881,2
15197,2
6730,2
635,2
12411,2
2550,3
1545,2
17687,3
12075,2
12612,2
3867,2
8975,2
3973,2
9204,2
13088,2
4898,2
6239,2
15923,3
17362,2
4119,2
18383,1
15297,2
1557,2
17901,2
5617,2
3931,2
12186,2
18563,3
16616,1
7033,2
7453,1
13185,2
18554,2
16554,2
5257,1
17411,2
10113,2
11682,2
4619,2
8765,2
1198,2
9799,3
1115,2
17056,2
17418,2
10216,2
4221,3
6905,3
7548,1
4639,2
4218,2
12311,2
9092,1
11630,2
5794,2
16941,2
9490,2
5685,2
11592,2
8734,2
13649,1
15370,2
14258,2
10151,3
18964,2
18446,3
9192,2
108,2
13748,2
7115,2
2447,2
7907,2
7002,1
5372,2
13037,3
3459,2
16695,3
11576,2
7262,2
17515,2
3739,2
3358,3
414,3
8762,2
17591,3
9055,2
2351,2
8390,2
16188,2
904,2
15753,2
4127,2
8792,2
2643,2
5045,2
2386,2
14677,2
16955,3
4980,3
16927,1
6341,2
7295,2
8970,2
9095,2
821,2
7601,2
6324,2
13694,2
7179,2
5555,3
12646,2
636,2
18120,2
7107,2
7496,2
7681,2
210,2
8610,2
7225,2
3253,3
14882,3
10752,1
7019,1
643,2
13822,2
11305,2
8112,2
11527,2
18312,2
14487,2
890,2
18033,2
5859,2
8692,2
9634,2
11411,2
5313,2
5370,2
15292,2
18642,2
4742,2
14511,1
8601,2
3214,2
2726,2
14802,2
5327,2
9574,2
16625,2
10662,2
14917,2
4332,2
12542,3
14550,2
18744,3
6845,2
8645,3
11134,2
10915,3
2767,2
14437,3
11078,2
11904,3
4749,2
9823,3
5149,2
13418,2
9171,1
3360,2
1419,2
13035,2
10750,2
3950,2
7691,1
4661,3
565,2
4473,2
14821,3
16677,2
9520,2
3049,3
908,2
411,3
6523,2
2957,2
1503,2
12854,2
11457,1
14880,2
17510,2
7562,1
9029,3
15208,2
13511,1
1225,2
2209,1
7252,2
3117,2
3414,3
7507,1
5009,3
1281,3
17811,2
10628,1
6484,2
4645,3
15809,1
16663,3
7291,2
2408,2
1814,2
2663,2
4391,2
10122,2
13568,2
13612,3
17617,2
13775,3
15039,2
17727,2
11826,2
18202,2
8033,3
558,3
12111,3
18919,3
9238,2
2158,2
17076,2
14552,2
1650,2
9992,2
17475,2
9304,1
516,2
2686,2
17334,2
4141,1
11888,2
1018,2
6323,3
14105,2
8968,3
17216,2
9438,2
9967,2
6091,2
6153,2
8628,1
13672,2
9020,2
18194,2
18756,3
4397,3
5942,2
9481,2
12232,2
3778,2
4253,2
12338,3
358,3
19080,3
5635,3
6810,2
6667,2
15550,1
18565,2
14812,2
18896,2
17063,2
3199,3
8291,2
13274,2
8844,2
8779,2
14865,1
8822,1
855,2
4442,2
16535,1
1224,3
8986,2
3722,1
6738,2
2841,2
14042,2
2309,2
12755,3
8698,1
1308,2
10838,2
10310,2
4186,2
15065,1
9361,2
966,2
12320,2
2403,3
4401,1
6210,2
8679,2
14345,2
5319,2
508,2
13814,2
10986,2
10970,1
9410,2
7397,3
2547,3
826,3
4059,2
3693,2
13308,1
11114,2
15283,2
8029,1
12033,2
11654,2
3665,2
10435,3
5692,2
4099,2
2923,2
2800,2
15945,3
16027,2
2980,2
7202,1
15884,1
4796,2
10983,2
18779,3
18095,2
2543,2
18164,2
4840,2
1138,2
5745,2
11922,2
8170,2
10103,2
7178,2
2334,2
5275,3
3156,2
12826,3
8721,1
7830,1
4775,2
15917,2
16638,2
521,2
16035,2
14024,2
523,3
14222,2
5984,2
8010,2
4760,3
9404,2
4564,2
6831,2
11239,2
15798,2
8985,2
16747,1
3075,2
16290,2
10609,2
18580,2
17136,2
13522,2
11867,2
9907,2
6650,2
5076,2
5479,2
12028,2
8521,2
9220,1
7853,1
17333,3
11821,2
2596,2
10849,2
6716,2
15122,2
9226,2
1707,2
17675,2
15066,1
5979,2
14881,2
14606,2
10277,3
6932,2
12938,2
7913,2
5252,3
15707,1
1132,2
2711,2
4858,1
14697,3
1643,2
6169,2
10141,1
1437,3
1164,2
14530,2
17853,3
18001,2
11895,1
2840,2
9169,2
17255,3
15307,1
6697,2
2833,3
12128,1
14344,1
17225,3
17603,2
564,2
5985,2
5111,2
6501,3
13321,1
17840,3
11368,2
10069,2
7852,2
15604,2
18703,2
5735,2
7716,3
17623,3
8160,3
7251,3
8908,3
4429,2
5941,2
13747,2
15085,1
829,2
10176,2
5335,2
14406,3
2560,2
11873,3
1733,3
3218,2
13004,3
8699,2
2028,2
17533,2
1490,1
12058,2
13235,3
4216,3
11456,2
18898,2
17545,3
16548,2
6030,2
5198,1
6760,3
711,2
1237,2
5651,3
2855,2
1606,2
5890,2
10820,2
7417,2
486,2
8373,2
6250,2
3074,3
465,2
10543,2
17427,2
16331,3
11461,3
10677,2
19064,2
2532,2
18228,2
11348,2
10536,1
17315,2
2211,2
12602,1
18196,2
19043,1
9979,2
7177,2
17804,2
9054,1
3872,2
14803,2
13838,2
6914,2
15306,2
5196,2
14763,2
11170,2
7879,2
13018,2
4673,2
13999,2
7709,2
497,2
9612,2
1232,3
15453,2
16371,3
7698,1
12591,2
2806,2
12324,2
5854,1
18495,2
17498,1
6082,3
7444,2
8858,2
2097,2
7340,2
1563,2
9076,1
16491,2
4990,2
17290,2
6714,2
11623,2
13714,2
2143,2
7626,2
4370,2
1645,3
17344,2
15805,1
14393,2
13489,2
10177,1
11722,2
679,2
14160,2
10968,1
17253,2
18805,1
259,3
6137,2
16015,3
8342,2
11323,2
15766,3
16920,1
3540,2
3080,2
11083,1
16567,1
6376,2
14744,2
3830,1
7529,2
17518,3
15818,2
5891,2
10541,1
11148,2
16174,2
15443,2
6647,3
15828,3
14059,3
6472,2
10332,1
282,2
6125,2
12757,2
13806,2
8215,2
18108,1
6039,1
14075,2
9186,3
12632,2
17293,3
8013,2
17955,1
3162,2
15177,2
10711,2
845,1
16556,2
1113,2
5938,2
17357,2
1950,2
8585,2
8338,2
1506,3
17138,2
11416,2
2327,3
3606,2
13654,1
8538,2
336,2
2002,2
5620,2
8921,3
14551,2
16620,2
11751,2
5760,2
17115,3
9691,2
8195,2
6427,3
15090,1
6131,2
17455,1
14283,1
13708,2
7631,2
2077,2
8518,2
6485,3
11574,2
2944,2
5194,2
11501,2
6887,2
11003,2
10157,2
9608,2
12455,2
13233,2
9093,3
164,2
13505,2
18064,2
16658,2
2933,2
6654,2
8600,2
2660,2
12986,2
10846,2
18888,2
2109,2
13408,2
17875,2
7918,3
18521,3
2072,2
18284,3
18124,3
1540,2
4624,2
2290,2
3405,2
7919,3
18097,3
4569,1
11023,2
5680,2
14742,2
12480,2
4065,2
4116,3
16983,2
17633,2
6836,2
6083,2
14932,2
3829,1
17756,2
9597,2
4767,2
2025,2
15452,1
6144,2
2108,2
7999,2
16221,2
1866,2
11643,2
8426,3
17920,2
9046,1
12182,2
5199,3
14278,2
5536,2
18011,2
17317,2
145,2
6846,1
15598,2
9586,2
2328,2
8353,2
12796,3
856,2
2201,3
17104,2
3715,3
17986,1
10394,2
8333,2
5687,2
732,3
3961,2
3383,2
16235,3
13798,2
10590,2
48,2
18777,1
10731,2
11117,2
30,2
5115,2
5916,2
5040,3
17298,3
262,2
2704,3
15087,1
18062,2
831,2
3588,3
7313,2
5839,1
6423,3
8708,2
10961,2
6108,2
3457,3
14187,2
3912,2
1896,2
5219,2
2963,2
6328,3
12396,2
12446,3
12000,2
16414,2
6248,2
15527,3
14860,2
3753,2
10387,1
17263,2
6368,2
2477,2
17686,3
5496,2
3756,2
13338,2
4644,2
6889,2
5289,2
5015,2
3716,2
2299,2
12223,3
15468,2
18831,3
7413,2
18031,2
16001,2
1940,3
16230,1
11864,2
3714,2
1003,2
17151,2
13480,2
7920,2
16344,2
15430,2
16954,2
5128,3
4835,2
14027,2
16089,2
109,3
2843,3
6135,2
2903,3
15131,2
11076,2
17958,2
9221,2
3838,3
7440,3
12002,2
7132,2
10083,1
15940,2
17169,3
4874,3
14017,1
18180,1
3763,2
8145,2
11553,3
182,2
9952,2
13833,2
4718,2
12617,1
14573,2
3791,2
14935,2
5806,2
9421,2
14390,2
18665,2
7485,2
19018,2
16064,1
18721,2
14330,3
7233,2
15796,3
13673,2
15413,2
14490,3
12867,2
16685,2
17524,2
5078,2
16141,2
6924,2
9508,2
17239,2
8548,2
9694,1
628,2
18999,2
8869,1
18146,2
17742,2
18889,1
2500,2
13027,2
5178,2
14782,2
9879,2
1108,3
17611,1
8302,2
8375,2
14383,2
9637,2
2407,2
5588,3
15168,2
1981,2
7113,2
8732,2
17655,2
17820,3
2367,2
12807,2
7140,1
19015,3
1632,2
11483,2
15415,2
15056,2
16693,2
10205,2
14030,3
15478,1
8254,3
10760,2
11203,2
18041,2
10818,2
5060,2
15360,2
19027,2
4166,2
8463,1
421,2
17470,2
9853,2
16136,3
19087,1
5197,2
1166,2
2968,2
3216,3
7731,3
12588,2
15929,2
384,1
12956,2
17238,2
11404,2
8818,1
14332,2
13928,2
8823,2
15327,3
12678,2
6420,2
15252,2
5913,3
8295,2
16059,2
18344,2
4900,3
6881,2
10544,3
5064,2
17110,2
13488,2
15330,3
18247,3
15641,2
11324,2
1250,2
1428,3
3704,2
158,2
6261,2
13666,2
13197,3
10476,3
4441,2
10592,3
18835,3
659,3
10627,2
6214,2
4710,2
11352,2
4108,2
5238,2
4489,2
18358,2
4658,2
2747,2
15400,3
173,2
14726,2
9548,2
17085,3
17016,2
9933,2
13845,2
11015,2
14650,2
9365,2
13856,2
15849,3
18845,2
13217,3
5208,2
7096,1
10734,3
18548,3
2675,1
7983,2
6452,2
6725,2
11591,2
11883,1
8267,2
7211,2
9610,2
10523,2
16897,2
7675,2
11307,2
12345,2
16600,2
9101,2
3749,2
16725,3
5973,2
4159,2
19001,2
1291,3
10718,2
2170,2
10990,2
15397,2
2119,2
18591,1
16427,3
12611,2
9916,2
8516,2
17370,2
12662,2
6518,3
5832,2
747,2
2548,3
2750,1
10826,2
2294,2
8259,3
2308,2
3843,1
16906,2
10431,2
12600,3
1432,2
11388,2
18368,3
6068,2
17598,3
395,3
6742,2
7273,2
10228,2
3866,2
5580,2
1614,3
10946,3
4565,2
7190,2
7925,1
15406,3
8547,2
14637,3
4883,2
38,2
7685,2
16086,2
8136,2
11907,2
6462,2
18533,2
6562,2
983,2
16730,2
15561,2
8843,3
13783,2
7566,1
2246,3
18139,3
9316,2
13201,3
33,2
12691,2
10346,2
8851,2
16067,2
13163,2
2252,2
16458,3
8556,2
325,3
17754,2
702,3
1321,2
6204,2
13111,2
16775,2
15366,2
6620,2
3420,2
3514,2
7611,2
8346,2
15669,3
18730,1
16825,2
11525,2
10919,2
2265,3
11700,2
11254,2
15218,2
10450,2
14774,3
11544,2
17894,3
8982,2
6338,2
16442,3
3748,1
9197,1
1942,1
1476,2
4147,3
5830,2
7238,1
3585,2
10707,3
14692,2
7552,2
15860,2
13948,2
446,2
14571,2
8062,2
16619,1
8257,2
13687,2
13385,2
16703,2
9505,2
9494,1
12768,1
13331,2
9287,2
25,3
17954,2
3865,2
11856,3
13090,2
11585,2
5165,2
16087,2
10507,2
16982,2
6307,3
14309,2
1757,2
18219,2
5967,2
5732,2
880,1
18225,2
6090,3
11104,2
6536,2
11774,2
9942,2
10120,2
4807,1
682,2
3147,2
5184,2
8933,2
15683,2
12886,2
17446,2
16666,3
4388,1
13222,3
3106,2
12081,2
9344,1
582,2
7105,3
15384,2
919,2
8081,2
1097,3
13096,2
16989,3
9820,2
16842,2
13277,1
6892,2
16979,1
2321,3
3143,2
14436,3
10886,1
12766,3
18543,3
11761,3
8684,2
9511,2
18016,3
2625,1
6311,3
9861,2
5584,2
13582,1
10883,2
7471,2
7634,2
9258,3
645,3
1526,2
11562,2
4919,3
10558,2
255,2
15484,2
2655,3
11659,3
7269,3
6075,3
8404,1
2023,2
3136,2
6662,2
3016,1
8234,3
10985,2
12292,2
16939,1
6797,2
4195,1
18720,2
148,2
4034,3
2962,2
13840,1
17268,2
11797,2
11731,3
15421,3
9188,2
6710,2
7387,2
15875,3
18630,1
15543,2
11953,2
13851,3
11480,2
5029,2
11249,3
2928,2
12805,1
10117,2
15771,2
11689,3
8854,2
9264,3
1062,2
11742,2
10955,2
15269,1
5609,2
9245,2
6825,2
15865,1
7537,2
17805,2
2005,2
3816,3
2150,2
4927,2
17708,3
5156,2
18155,1
2839,2
10013,3
10612,2
5700,2
2080,2
14735,2
8371,2
13648,3
14349,2
15975,2
3469,2
4277,2
13138,2
8447,2
14031,3
14371,2
9282,2
18138,2
124,2
10000,2
14874,1
7174,2
1260,2
16410,2
7953,2
8587,2
1126,3
15666,2
14687,2
12205,3
8034,3
15180,2
15937,2
18123,2
16012,3
4729,2
5773,1
12003,1
18878,2
16675,2
2364,2
201,1
6058,2
12941,1
7330,1
3256,2
2751,3
14163,3
16546,2
52,2
12767,2
10756,3
9440,1
854,3
1388,1
18371,3
6489,2
2608,2
2008,2
1433,1
18314,2
10253,1
3689,2
13509,1
366,3
2541,2
8311,3
17095,3
999,2
2845,2
3706,2
8019,2
12497,2
14103,3
18698,3
8924,2
14428,2
3563,2
8307,3
5493,2
14403,2
490,2
7956,1
5631,1
5660,3
11719,2
3970,2
810,2
18626,2
64,2
5856,2
14561,2
6519,3
10242,2
10017,3
10713,3
2697,2
10413,1
2774,2
1927,2
4996,2
15127,2
18818,2
15036,2
11715,2
17247,3
6228,2
5505,3
2517,1
6381,2
9135,2
18227,2
7288,1
6949,2
2060,2
1905,1
948,2
615,1
11032,3
1090,3
10165,2
5272,2
9633,2
5550,2
1987,2
7427,2
9517,2
7927,2
12946,3
11698,2
17291,2
17665,2
11274,2
3705,2
794,3
13504,3
10368,2
9199,2
11502,2
8712,2
11960,2
6611,2
12962,3
9906,2
1131,2
17626,3
2935,3
1104,3
12086,3
7582,2
8878,3
12840,1
2441,2
1078,2
11195,2
12218,2
10844,2
3479,2
7223,2
11640,1
1238,3
17562,1
5449,2
14238,3
14644,2
2910,2
8481,2
15136,2
8460,3
16544,3
11070,2
5224,3
18699,2
16321,3
15834,2
16070,2
3566,2
18250,2
10501,3
220,2
4985,1
520,2
8592,2
12272,2
12784,2
7981,1
8562,2
7903,2
423,2
11703,1
3809,2
4310,2
13022,3
13487,2
17366,3
387,2
17925,2
11366,1
2883,2
2709,2
18852,2
1206,2
7866,2
4905,2
14044,2
9476,2
10245,2
3146,2
4833,1
8524,3
13869,2
17396,1
12475,2
1904,2
12856,2
4629,3
14839,3
9166,1
5049,2
7159,2
17036,3
16707,2
3148,2
9097,1
18658,2
3385,2
18993,2
17942,3
16106,2
969,2
13663,2
16367,1
12830,2
14578,2
15249,2
7694,2
844,2
237,2
8181,1
16054,2
1858,3
5033,2
13868,1
1331,2
15152,2
18117,2
2799,2
15339,2
5577,2
3848,2
8208,2
10911,2
9826,3
6174,2
8329,3
16697,1
14708,2
17061,1
13523,3
5644,2
135,2
4079,2
10746,2
17962,2
15058,3
12987,3
1919,1
1499,3
12831,2
1415,2
18052,2
7676,2
5502,2
8909,2
9175,1
11720,2
16965,2
14229,2
9938,2
6087,2
5573,1
6317,2
13606,3
5280,2
2737,2
15743,2
10145,2
12255,2
15101,2
6201,2
10525,3
6570,2
2827,3
16495,2
5318,3
15859,2
12084,2
18258,2
10227,2
3954,2
13974,2
14773,2
12734,2
10144,3
9129,2
6700,3
9611,3
16686,2
12110,2
16151,2
18320,3
6724,3
12821,3
11154,2
13,2
16558,2
4120,2
15469,2
3834,1
16294,3
15665,2
4495,2
1714,3
19103,2
4930,2
17651,2
12305,2
2901,3
13254,1
7436,2
9518,2
15761,2
670,2
8775,2
2909,2
3595,3
12562,2
8837,3
14894,1
18657,3
7136,2
15153,2
78,3
6785,2
13805,2
6097,2
2728,2
15118,2
15978,2
16096,2
2499,2
16975,2
13741,2
10467,3
10293,1
5888,2
1668,3
5024,3
15979,2
16933,2
16219,2
11560,2
3700,2
155,2
14529,3
18006,2
16729,2
1005,2
11377,2
9678,1
13322,2
9174,2
11061,3
3812,2
17261,3
11486,2
3005,2
6778,2
14346,2
281,2
7375,1
1623,3
8223,2
13969,3
18843,3
9753,2
17393,2
11139,2
8252,2
5595,2
507,2
9563,2
8875,1
11978,2
18217,1
15609,3
9775,3
6257,2
12819,3
4814,2
14067,2
6952,2
9990,2
12397,2
17887,2
16932,1
10365,1
14208,2
11959,2
18788,2
13698,1
7438,2
9838,2
2626,2
10158,3
13873,2
5522,2
11838,2
2580,2
17240,2
9654,3
18701,2
7606,2
18782,1
1551,2
11037,2
1565,2
6573,2
6639,1
12780,2
1742,2
14149,2
4694,2
4625,2
4115,1
4536,3
10398,2
9864,2
13870,2
3103,1
672,2
15721,1
18663,2
3419,2
804,2
2283,2
11704,2
6953,2
8773,2
15496,2
12629,2
3073,3
1871,2
2609,3
14759,2
11734,2
1763,2
9950,1
3179,2
12491,2
12635,2
7428,2
12799,2
1532,2
8418,3
7476,2
5997,2
7044,2
9391,2
16514,2
17673,2
7014,2
10684,1
495,2
2887,2
13983,3
2120,2
8651,3
2296,2
3555,2
3235,3
15907,1
18648,3
7533,3
6533,2
13847,3
16717,1
16451,3
7708,1
2188,2
4381,2
5711,2
1127,2
9951,1
4800,2
2591,2
11652,2
7408,2
5041,2
17923,2
18526,3
6056,3
4075,2
2412,3
10156,3
8876,2
3650,2
11466,2
1021,1
13970,1
14231,2
11666,3
5563,2
12778,2
14790,2
10040,2
5927,2
7640,2
12426,2
9628,1
7134,2
13171,2
5619,3
11828,2
15158,2
4640,2
18046,3
18121,3
14971,2
19030,1
935,2
907,2
13605,2
9074,1
10159,2
13304,1
5475,2
17799,2
7106,2
390,2
5744,2
14090,3
16958,2
1403,2
18197,2
18708,2
9398,2
17808,2
14045,3
3208,2
7405,1
1274,2
10167,2
9513,1
10733,2
16691,3
9259,3
7192,2
17572,2
8864,2
726,2
18100,2
4635,2
14442,1
7686,2
8549,1
8125,2
7032,2
14613,2
16794,2
18795,2
9966,2
17507,2
313,2
9527,2
14520,2
4122,2
7385,3
997,2
1076,2
13550,2
7329,2
17021,2
5924,2
6822,2
957,2
8401,1
7952,2
9195,3
17952,2
17552,2
368,2
10923,2
7575,1
14868,2
17735,2
3854,2
18559,2
12298,3
2267,2
5747,2
10373,1
9900,2
18733,3
17780,3
2133,2
70,2
15767,2
14148,2
18159,2
14961,2
6531,2
14255,2
1991,1
14831,2
5761,2
82,2
5829,2
7237,2
10349,2
10891,2
17278,1
11816,1
9645,2
1309,2
14713,1
9567,2
3448,2
13990,3
17421,2
3898,2
17186,3
16817,2
2344,2
16000,2
5355,2
903,2
2945,2
5008,2
13118,2
14388,3
14598,3
648,3
10643,3
13342,2
7725,2
10296,1
11799,3
1931,2
2183,2
12042,1
6241,1
16274,3
6259,2
11894,1
554,2
1006,2
10987,2
18683,2
17178,2
35,2
14186,2
8519,2
722,2
14022,3
6255,2
14046,2
18249,2
638,2
15812,3
19065,2
4057,2
10692,2
1420,3
14674,1
8376,2
9227,2
5708,2
10984,2
14497,2
13400,2
18224,2
16237,2
17203,2
18692,2
12677,3
1885,2
12560,2
11984,3
12714,2
9367,2
7938,3
4714,2
2956,1
6432,2
4583,3
4527,3
19060,2
5812,2
7828,1
16824,3
14762,3
18484,3
11943,1
13456,1
4680,2
6704,2
13907,2
10748,2
12847,2
15169,2
7615,2
11509,1
11827,2
4677,2
6395,2
11096,2
18450,3
85,3
7744,3
11380,2
10044,2
2348,2
4016,2
8360,1
16186,2
8123,2
40,2
7527,2
2526,1
10941,2
18412,1
8944,2
4620,2
14245,3
795,2
13061,2
491,2
9655,1
17474,2
1373,2
17118,3
16311,2
13676,2
13901,1
6334,2
10497,1
13930,1
13240,2
3067,2
13577,2
4326,2
3668,2
14761,2
4026,2
18562,2
10400,2
11946,2
2775,2
17868,2
2107,3
1190,2
13569,2
2872,2
8030,1
11344,2
3188,1
16650,2
3711,2
4793,2
13640,3
11091,1
7424,2
13268,2
6126,3
7041,1
1573,2
18571,3
18968,2
3536,2
17497,1
11224,2
7061,1
9919,2
11823,2
5476,2
